title,company,location,posted_date,salary,skills,experience_required,description,employment_type,url,source,repost_count,first_seen,last_seen
Software Engineer,MinIO,Saudi Arabia - via LinkedIn,,,agentic,Not Specified,"MinIO is the data and memory foundation for enterprise AI. Built for the speed, scale, and economics that AI and analytics demand, AIStor and MemKV unify every layer of the data stack, from agentic and inference context memory to tables and objects across core, edge, and cloud. Trusted by 77% of the",Full-time,https://sa.linkedin.com/jobs/view/software-engineer-at-minio-4428125825,jsearch,1,2026-09-12T11:36:41.383452+00:00,2026-09-12T11:44:25.761937+00:00
AI Native Software Engineer,Accenture,Riyadh - via GulfTalent,,,Not Specified,Not Specified,"We are

A forward-thinking services company at the forefront of AI-native innovation. We partner with enterprise clients to create next-generation, agent-powered workflows engineered to scale in real-world settings. Our engineers embed deeply with customers, moving projects beyond experimentation in",Full-time,https://www.gulftalent.com/saudi-arabia/jobs/ai-native-software-engineer-612083,jsearch,1,2026-09-12T11:36:41.383452+00:00,2026-09-12T11:44:25.761937+00:00
Embedded Software Engineer (Mid-Senior Level),Movandi,Riyadh - via LinkedIn,,,Not Specified,Not Specified,"Movandi has made a big impact on 5G in a short amount of time — from foundational research and innovative modular, high efficiency mmWave system design to the introduction of our BeamXR 5G system that delivers improvements in performance, coverage, and latency to connect 5G everywhere. Now more than",Full-time,https://sa.linkedin.com/jobs/view/embedded-software-engineer-mid-senior-level-at-movandi-4392428770,jsearch,1,2026-09-12T11:36:41.383452+00:00,2026-09-12T11:44:25.761937+00:00
Senior Software Engineer - Backend,Delivery Hero,Riyadh - via Delivery Hero,,,Not Specified,Not Specified,"About the opportunity

We are looking for a highly talented Senior Backend Engineer to join our Riyadh office. If you are looking for a place where you can gain hands-on experience and create a direct impact, then this may be the place for you! The ideal candidate will have a track record as a signi",Not Specified,https://careers.deliveryhero.com/job/senior-software-engineer-backend-in-riyadh-saudi-arabia-jid-7417,jsearch,1,2026-09-12T11:36:41.383452+00:00,2026-09-12T11:44:25.761937+00:00
Software Engineer (KHOBAR),Join Solutions,Khobar - via BeBee,,,Not Specified,Not Specified,"We are looking for a Software Engineer to be responsible for applying the principles of engineering to software development. Their role includes analyzing and modifying existing software as well as designing, constructing, and testing end-user applications that meet user needs — all through software",Full-time,https://bebee.com/sa/jobs/software-engineer-khobar-join-solutions-khobar--ss-sa-1i2a1c2,jsearch,1,2026-09-12T11:36:41.383452+00:00,2026-09-12T11:44:25.761937+00:00
"Riyadh, Saudi Arabia Software Engineering Posted 15 hours ago",Qualcomm,Riyadh - via Jobs In Saudi Arabia - Jooble,,,Not Specified,Not Specified,"## Rack SW AI Infrastructure Management (AIMS), UI, Orchestration & Lifecycle Management & Networking Engineer - Riyadh, KSARiyadh, Saudi ArabiaApply NowFind out how well you match with this jobJob ID3093822## **Company:**Qualcomm Middle East Information Technology Company LLC## **Job Area:**Enginee",Full-time,https://sa.jooble.org/jdp/6764340318097326570,jsearch,1,2026-09-12T11:36:41.383452+00:00,2026-09-12T11:44:25.761937+00:00
Site Reliability Engineer,Thales,Khobar - via Thales Careers - Thales Group,,,Not Specified,Not Specified,"Location: Khobar, Saudi Arabia

Thales people architect identity management and data protection solutions at the heart of digital security. Business and governments rely on us to bring trust to the billions of digital interactions they have with people. Our technologies and services help banks excha",Full-time,https://careers.thalesgroup.com/global/en/job/R0330235/Site-Reliability-Engineer,jsearch,1,2026-09-12T11:36:41.383452+00:00,2026-09-12T11:44:25.761937+00:00
Senior Software Engineer (Data),Jobgether,Saudi Arabia - via BeBee,,,Not Specified,Not Specified,"This position is listed on behalf of a partner company, who manages all applications and next steps. Our partner is looking for a Senior Software Engineer (Data) based in Saudi Arabia.

This is an opportunity to join a lean, autonomous engineering team building products that help organizations bette",Full-time,https://bebee.com/sa/jobs/senior-software-engineer-data-jobgether--fj-2329072680,jsearch,1,2026-09-12T11:36:41.383452+00:00,2026-09-12T11:44:25.761937+00:00
Lead Software Engineer - Riyadh - Saudi National,Jari Solutions,Saudi Arabia - via Foundit,,,Not Specified,Not Specified,"We are hiring for a well-known governmental entity a Lead Software Engineer who will be responsible for leading the development team and driving the design, architecture, and delivery of high-quality software solutions. This role requires strong hands-on expertise in modern full-stack technologies,",Full-time,https://www.founditgulf.com/job/lead-software-engineer-riyadh-saudi-national-jari-solutions-saudi-arabia-42721447,jsearch,1,2026-09-12T11:36:41.383452+00:00,2026-09-12T11:44:25.761937+00:00
C++ Developer - Remote,YO IT Consulting,Jeddah - via LinkedIn,,,c++,Not Specified,"Job Title: C++ Developer

Job Type: Contractor

Location: Remote

Job Summary

Join our customer team as an expert C++ Developer focused on advancing a cutting-edge AI agent project. You will use your deep expertise in C++ to design, optimize, and train AI models, directly contributing to breakthrou",Full-time,https://sa.linkedin.com/jobs/view/c%2B%2B-developer-remote-at-yo-it-consulting-4431570017,jsearch,1,2026-09-12T11:36:41.383452+00:00,2026-09-12T11:44:25.761937+00:00
Full Stack Developer,Perfect Vision,Dammam - via LinkedIn,,,Not Specified,Not Specified,"Dammam, Saudi Arabia

Apply Now!

Job Role: Full Stack Developer - Remote

• Company: Perfect Vision — Dammam, Eastern Province, Saudi Arabia
• Department: Automation

Role Summary Perfect Vision is looking for a Full Stack Developer to join our growing Automation Department. We are looking for some",Full-time,https://sa.linkedin.com/jobs/view/full-stack-developer-at-perfect-vision-4458712297,jsearch,1,2026-09-12T11:36:41.383452+00:00,2026-09-12T11:44:25.761937+00:00
Software Developer,Artificial Intelligence Global Company,Saudi Arabia - via Foundit,,,Not Specified,Not Specified,"We are seeking a Programmer to work with the Pipelines, Distributions, & Terminals (PD&T) Admin Area to develop, implement, and maintain computer-based programs, systems, and procedures. The successful candidate will utilize their skills in programming, and software coding techniques to create, revi",Full-time,https://www.founditgulf.com/job/software-developer-artificial-intelligence-global-company-saudi-arabia-62962907,jsearch,1,2026-09-12T11:36:41.383452+00:00,2026-09-12T11:44:25.761937+00:00
Application Developer ( Saudi Arabia ),Eram Talent,Saudi Arabia - via Bayt.com,,,Not Specified,3 years of experience,"ERAM Talent is seeking a motivated Application Developer to join our client in Dhahran, Saudi Arabia .
This is an excellent opportunity for fresh graduates and early-career professionals (0–3 years of experience) who are passionate about software development, secure coding practices, and modern appl",Full-time,https://www.bayt.com/ar/saudi-arabia/jobs/application-developer-saudi-arabia-74938870/,jsearch,1,2026-09-12T11:36:41.383452+00:00,2026-09-12T11:44:25.761937+00:00
"Senior PHP Backend Developer (Riyadh, KSA)",FileCloud,Riyadh - via LinkedIn,,,php,Not Specified,"FileCloud is looking for an enthusiastic Senior PHP Backend Developer to join our team in Riyadh, Kingdom of Saudi Arabia. As part of the Growth & Expansion team, you will be responsible for developing server-side functionality and building scalable cloud-based services. We are looking for a mid-lev",Full-time,https://sa.linkedin.com/jobs/view/senior-php-backend-developer-riyadh-ksa-at-filecloud-4455389010,jsearch,1,2026-09-12T11:36:41.383452+00:00,2026-09-12T11:44:25.761937+00:00
Senior .NET Developer,Unison Group,Khobar - via GulfTalent,,,"c#, .net",Not Specified,"Key responsibilities

Design, develop, test, and maintain enterprise applications using .NET Framework, ASP.NET Core, and C#.

Develop and maintain RESTful APIs and SOAP/XML web services for seamless application integration.

Build scalable and secure integration solutions with internal and third-pa",Full-time,https://www.gulftalent.com/saudi-arabia/jobs/senior-net-developer-617472,jsearch,1,2026-09-12T11:36:41.383452+00:00,2026-09-12T11:44:25.761937+00:00
Business Software Developer,Shashikamal Enterprise IT,Dammam - via BeBee,,,Not Specified,Not Specified,"Job Description: Business Software Developer

Company: Shashikamal Enterprise IT

Location: Dammam, Saudi Arabia
Position: Business Software Developer

Job Summary

Shashikamal Enterprise IT is seeking a skilled and motivated Business Software Developer to design, develop, implement, and maintain bu",Full-time,https://bebee.com/sa/jobs/business-software-developer-shashikamal-enterprise-it-dammam--t7xk-767932957,jsearch,1,2026-09-12T11:36:41.383452+00:00,2026-09-12T11:44:25.761937+00:00
Back End Developer,CleanLife co.,Riyadh - via إنديد,,,Not Specified,Not Specified,"We're Hiring | Back End Developer

Location: Riyadh, Saudi Arabia

We are looking for an experienced Backend Developer to join our growing engineering team. If you're passionate about building scalable systems, designing high-performance APIs, solving complex backend challenges, and working with mod",Full-time,https://sa.indeed.com/viewjob?jk=9493b57dd67e6cd8,jsearch,1,2026-09-12T11:36:41.383452+00:00,2026-09-12T11:44:25.761937+00:00
Senior Java & IoT Back-end Developer,Perfect Vision - KSA,Saudi Arabia - via Naukrigulf,,,java,Not Specified,"Position Overview We are seeking an experienced Senior Java Backend Developer to join our dynamic engineering team working on a high-concurrency IoT PaaS platform. This role requires a technical leader who can design and develop scalable backend systems for IoT data collection, processing, and analy",Full-time,https://www.naukrigulf.com/senior-java-iot-back-end-developer-jobs-in-dammam-khobar-eastern-province-saudi-arabia-in-perfect-vision-ksa-7-to-12-years-n-cd-40002266-jid-030726500569,jsearch,1,2026-09-12T11:36:41.383452+00:00,2026-09-12T11:44:25.761937+00:00
Senior Backend Engineer,Salla,Jeddah - via GulfTalent,,,Not Specified,Not Specified,"We are looking for a Senior Backend Engineer - Checkout

Join our engineering team focused on fintech, checkout, and promotions. You will design, build, and scale highly available backend systems that power mission-critical payment experiences, checkout flows, promotions, loyalty, pricing, and finan",Full-time,https://www.gulftalent.com/saudi-arabia/jobs/senior-backend-engineer-610420,jsearch,1,2026-09-12T11:36:41.383452+00:00,2026-09-12T11:44:25.761937+00:00
Software Developer (Backend SaaS),Canonical,Riyadh - via LinkedIn,,,Not Specified,Not Specified,"Canonical is a leading provider of open source software and operating systems to the global enterprise and technology markets. Our platform, Ubuntu, is very widely used in breakthrough enterprise initiatives such as public cloud, data science, AI, engineering innovation, and IoT. Our customers inclu",Full-time,https://sa.linkedin.com/jobs/view/software-developer-backend-saas-at-canonical-4358990958,jsearch,1,2026-09-12T11:36:41.383452+00:00,2026-09-12T11:44:25.761937+00:00
Senior Backend Engineer - Microservices | Remote & Growth,Innovationteam,Jeddah - via Jobs In Saudi Arabia - Jooble,,,microservices,minimum of 5 years,"A dynamic technology company in Saudi Arabia is seeking a skilled SR Backend Developer to join their team. The role involves designing robust microservices, collaborating with cross-functional teams, and mentoring junior developers. The ideal candidate will have a minimum of 5 years in software deve",Full-time,https://sa.jooble.org/jdp/-3814693780746243156,jsearch,1,2026-09-12T11:36:41.383452+00:00,2026-09-12T11:44:25.761937+00:00
Senior PHP Backend Engineer – Cloud & APIs (Riyadh Office),FileCloud,Riyadh - via JobLeads,,,php,Not Specified,"FileCloud is seeking a Senior PHP Backend Developer to join our Growth & Expansion team in Riyadh, Saudi Arabia. This fully office-based role involves developing server-side functionality and building scalable cloud-based services, collaborating with a global FileCloud team.

The candidate should ha",Full-time,https://www.jobleads.com/sa/job/senior-php-backend-engineer-cloud-apis-riyadh-office--riyadh--ea93660c139977e31407239d2e477c049,jsearch,1,2026-09-12T11:36:41.383452+00:00,2026-09-12T11:44:25.761937+00:00
Senior Java Backend Engineer - Scalable Microservices,Alrawasi Co.,Jeddah - via BeBee,,,"java, microservices",Not Specified,"Alrawasi Co. in Saudi Arabia is seeking a Senior Backend Developer to design and build scalable Java-based backends, microservices and APIs for a high-concurrency platform.

You will mentor engineers, collaborate with product teams, and shape data models, cloud services, and testing strategies while",Full-time,https://bebee.com/sa/jobs/senior-java-backend-engineer-scalable-microservices-alrawasi-co-jeddah--bs-sa-14888463-ea84-4de1-8b32-183648d7e37d,jsearch,1,2026-09-12T11:36:41.383452+00:00,2026-09-12T11:44:25.761937+00:00
Frontend Developer (Web & Mobile),Masterworks,Saudi Arabia - via Foundit,,,Not Specified,Not Specified,"We are looking for a talented and experienced Senior Front-End Engineer to lead the design and development of intuitive and responsive user interfaces for both web and mobile applications. The ideal candidate will be responsible for integrating backend APIs, ensuring real-time data synchronization,",Full-time,https://www.founditgulf.com/job/frontend-developer-web-mobile-masterworks-saudi-arabia-62557621,jsearch,1,2026-09-12T11:36:41.383452+00:00,2026-09-12T11:44:25.761937+00:00
Front-End Developer,Perfect Vision Website,Dammam - via BeBee,,,Not Specified,Not Specified,"FrontEnd Developer
Dammam Saudi Arabia

Location: Dammam

Job Type: Fulltime

Experience Level: Senior

Job Summary:

We are lookingfor a skilled Rich FrontEnd Development Engineer to join our team andplay a key role in developing visually stunning responsive and highlyinteractive web applications.",Full-time,https://bebee.com/sa/jobs/front-end-developer-perfect-vision-website-dammam--talent-590980671647852718,jsearch,1,2026-09-12T11:36:41.383452+00:00,2026-09-12T11:44:25.761937+00:00
Senior Frontend Developer,Perfect Vision - KSA,المنطقة الشرقية - via JobLeads,,,Not Specified,Not Specified,"We are seeking an experienced Senior Frontend Developer to join our dynamic engineering team This role requires a technical leader who can build scalable high-performance web applications while mentoring junior developers and collaborating cross-functionally to deliver exceptional user experiences
K",Full-time,https://www.jobleads.com/sa/job/senior-frontend-developer--eastern-province--e0c554b3925f2286f1d2b7792dceefe29,jsearch,1,2026-09-12T11:36:41.383452+00:00,2026-09-12T11:44:25.761937+00:00
Frontend Developer,EPAM,Khobar - via Jobrapido.com,,,Not Specified,Not Specified,"About us

EPAM Systems is a leading global provider of digital platform engineering and software development services. Founded in 1993 and headquartered in Newtown, Pennsylvania, EPAM has been helping clients navigate digital transformation for over 30 years, delivering innovative solutions to stay",Full-time,https://sa.jobrapido.com/jobpreview/2306421058124644352,jsearch,1,2026-09-12T11:36:41.383452+00:00,2026-09-12T11:44:25.761937+00:00
Frontend React Developer,NEOM Digital Hub,Riyadh - via GetSaudiJobs,,,react,3+ years,"Responsibilities

• Develop responsive web applications using React.js

• Optimize UI for performance and scalability

• Collaborate with backend teams and designers

• Maintain reusable components

• Ensure cross-browser compatibility

Qualifications

• 3+ years experience in frontend develo",Full-time,https://www.getsaudijobs.com/jobs/view/frontend-react-developer,jsearch,1,2026-09-12T11:36:41.383452+00:00,2026-09-12T11:44:25.761937+00:00
Remote Frontend Engineer: Pixel-Perfect UI & Design Systems,YO IT Consulting,Riyadh - via JobLeads,,,Not Specified,Not Specified,"YO IT Consulting invites a Frontend Software Engineer to join on a remote contract basis. You will craft high-quality frontend solutions, evaluate UI implementations, and translate design systems into practical deliverables.

Responsibilities include implementing pixel-perfect, responsive components",Full-time,https://www.jobleads.com/sa/job/remote-frontend-engineer-pixel-perfect-ui-design-systems--riyadh--e059a030726183098ed93b5875f07d83b,jsearch,1,2026-09-12T11:36:41.383452+00:00,2026-09-12T11:44:25.761937+00:00
React JS Developer,Capital Numbers,Riyadh - via BeBee,,,react,Not Specified,"Job Description: React JS Developer (Banking/FinTech)

Location: Riyadh, Saudi Arabia

Experience: 4–6 Years

Industry: Banking / FinTech / Digital Payments

About the Role

We are looking for an experienced React JS Developer to join our Banking/FinTech technology team in Riyadh. The ideal candidat",Full-time,https://bebee.com/sa/jobs/react-js-developer-capital-numbers--techmap_sa_4437984164,jsearch,1,2026-09-12T11:36:41.383452+00:00,2026-09-12T11:44:25.761937+00:00
Web App Frontend Developer,Linnk Group,Riyadh - via GetSaudiJobs,,,"javascript, angular",Not Specified,"• Angular 15 developer


• Firm grasp of the JavaScript and Type Script language and its nuances, including ES6+ syntax


• Knowledge of functional and object-oriented programming


• Ability to write well-documented, clean JavaScript code


• Rock solid at working with third-party dependenc",Full-time,https://www.getsaudijobs.com/jobs/view/web-app-frontend-developer,jsearch,1,2026-09-12T11:36:41.383452+00:00,2026-09-12T11:44:25.761937+00:00
Front End Developer (Remote),core code io,Saudi Arabia - via Jobrapido.com,,,Not Specified,Not Specified,"Job Role:
We are looking for a seasoned frontend developer to join our product team. This role requires you to be a tech-savvy contributor in translating the customer needs and user expectation into interactive web apps. You'll be an exceptional problem solver and take responsible actions in ensurin",Full-time,https://sa.jobrapido.com/jobpreview/632438794091495424,jsearch,1,2026-09-12T11:36:41.383452+00:00,2026-09-12T11:44:25.761937+00:00
Full Stack Developer,Müller`s Solutions,Dhahran - via GulfTalent,,,"typescript, node.js",6 years of experience,"Job summary

We are seeking a skilled and experienced full stack developer with 5–6 years of experience in modern web application development. The ideal candidate will have strong expertise in ReactJS, TypeScript, Node.js, REST APIs, and authentication mechanisms. The candidate will be responsible f",Full-time,https://www.gulftalent.com/saudi-arabia/jobs/full-stack-developer-601445,jsearch,1,2026-09-12T11:36:41.383452+00:00,2026-09-12T11:44:25.761937+00:00
Dot Net Full Stack Developer,Raqmiyat L.L.C,Riyadh - via Naukrigulf,,,"c#, sql, .net",Not Specified,"C# and Object-Oriented Programming (OOP)Dot NET Framework and Dot NET CoreAsynchronous ProgrammingASP .NET CoreRESTful Web APIsEntity Framework CoreHTML5, CSS3, and Responsive Web Design (e.g., Bootstrap)JavaScriptReact and/or AngularMicrosoft SQL ServerGit and Version ControlSoftware Testing and De",Full-time,https://www.naukrigulf.com/dot-net-full-stack-developer-jobs-in-riyadh-saudi-arabia-in-raqmiyat-l-l-c-2-to-8-years-m-cd-111352-jid-120826001451,jsearch,1,2026-09-12T11:36:41.383452+00:00,2026-09-12T11:44:25.761937+00:00
Full Stack Developer (React / Node.js),Raya logistic services,Riyadh - via BeBee,,,"go, react, node.js",Not Specified,"WE ARE HIRING: FULL STACK DEVELOPER (REACT / NODE.JS)

Location: Riyadh, Saudi Arabia (Full-Time, On-Site)

ABOUT RAYA LOGISTIC SERVICES

Raya Logistic Services is a leading Saudi company specializing in integrated support services and advanced operational logistics. We go beyond traditional logisti",Full-time,https://bebee.com/sa/jobs/full-stack-developer-react-nodejs-raya-logistic-services--techmap_sa_4439665658,jsearch,1,2026-09-12T11:36:41.383452+00:00,2026-09-12T11:44:25.761937+00:00
Senior Full Stack Developer,Silver Edge Arabia,المنطقة الشرقية - via Sa.talent.com,,,agentic,Not Specified,Senior FullStack Developer (Agentic AI Focus) Grade: Senior Consultant Location: Saudi Arabia (KSA) Work Model: Hybrid The Opportunity Are you a FullStack expert ready to build the interface and infrastructure for the Generative AI revolution? We are seeking a Senior FullStack Developer to lead the,Full-time,https://sa.talent.com/view?id=612492988924104355,jsearch,1,2026-09-12T11:36:41.383452+00:00,2026-09-12T11:44:25.761937+00:00
Full Stack Engineer (Fresh Graduate - Saudi),Ejadah Management Consultancy,Riyadh - via BeBee,,,react,Not Specified,"Title: Full Stack Engineer

Full-Stack Engineer — Frontend Focus — Under-the-radar tech startup

Location: Riyadh, Saudi Arabia

Who we're looking for A fresh graduate or recently unemployed developer who cares about how things look and feel as much as how they work. You are comfortable in React.js,",Full-time,https://bebee.com/sa/jobs/full-stack-engineer-fresh-graduate-saudi-ejadah-management-consultancy--techmap_sa_4439732114,jsearch,1,2026-09-12T11:36:41.383452+00:00,2026-09-12T11:44:25.761937+00:00
Mid-Senior Fullstack Developer (Remote),Stllr Network,Dhahran - via Jobs In Saudi Arabia - Jooble,,,Not Specified,Not Specified,"Overview

At Stllr Network, we’re building the future of creator–brand collaborations, and we’re looking for a Mid-Senior Full-Stack Developer to help us scale our platform. If you’re passionate about building impactful digital products and want to take ownership of key features across web and mobil",Full-time,https://sa.jooble.org/jdp/400215133839950828,jsearch,1,2026-09-12T11:36:41.383452+00:00,2026-09-12T11:44:25.761937+00:00
Fullstack Developer (Vibe Coding Specialist),tafaul,Saudi Arabia - via Jobrapido.com,,,Not Specified,Not Specified,"We are looking for a Fullstack Developer to serve as our builder and 'Developer #1.' In this role, you are responsible for the end-to-end creation of our applications, focusing on 'vibe coding'—a philosophy of high-velocity development where you use AI orchestration to move from intent to functional",Full-time,https://sa.jobrapido.com/jobpreview/6988414248078540800,jsearch,1,2026-09-12T11:36:41.383452+00:00,2026-09-12T11:44:25.761937+00:00
Senior Fullstack Developer,Riyadh Air | طيران الرياض,منطقة Riyadh - via BeBee,,,Not Specified,Not Specified,"Riyadh Air (RX), headquartered in the Saudi Capital, is the new national airline that’s shaping the future of flying. It seeks to lead the aviation industry by transforming Saudi Arabia into a global aviation and trade hub - a digitally native airline that will connect the kingdom to more than 100 d",Full-time,https://bebee.com/sa/jobs/senior-fullstack-developer-riyadh-air-riyadh-region--t7xk-768259541,jsearch,1,2026-09-12T11:36:41.383452+00:00,2026-09-12T11:44:25.761937+00:00
Full Stack Web Developer,PPOAR,الرس - via JobLeads,,,Not Specified,Not Specified,"Web Developer vacancy in Ar Rass Saudi Arabia

Full Stack Web Developer

Location: Ar Rass, Egypt

As a Full Stack Web Developer, you will be responsible for creating and maintaining web applications for our company. You will work closely with our team to develop user-friendly and responsive website",Full-time,https://www.jobleads.com/sa/job/full-stack-web-developer--ar-rass--e6cd525edbfe6a658d4002f498c6a3bd8,jsearch,1,2026-09-12T11:36:41.383452+00:00,2026-09-12T11:44:25.761937+00:00
Senior Mobile Engineer,Zid | زد,Riyadh - via LinkedIn,,,Not Specified,Not Specified,"📍 Location: Riyadh, Saudi Arabia | Type: Hybird

Build Mobile Experiences. Scale Impact. Power Commerce.

At Zid, we’re not just building software, we're building the infrastructure behind retail success in Saudi Arabia. Our mission is to empower merchants to start, grow, and scale through a unified",Full-time,https://sa.linkedin.com/jobs/view/senior-mobile-engineer-at-zid-%D8%B2%D8%AF-4457889746?refId=IRhnyrodNzO%2F08ptCyS2mw%3D%3D&trackingId=taowzbT46tgUsDqGz%2BzAOw%3D%3D,jsearch,1,2026-09-12T11:36:41.383452+00:00,2026-09-12T11:44:25.761937+00:00
Mobile Engineer,CoorB,Jeddah - via LinkedIn,,,Not Specified,3 years of experience,"We are looking for a talented and motivated Mobile Engineer with 1–3 years of experience in developing, testing, and maintaining mobile applications. The ideal candidate should have hands-on experience in building high-quality Android and/or iOS applications, a solid understanding of mobile applicat",Full-time,https://sa.linkedin.com/jobs/view/mobile-engineer-at-coorb-4449786368,jsearch,1,2026-09-12T11:36:41.383452+00:00,2026-09-12T11:44:25.761937+00:00
Lead Mobile App Developer,Jobgether,جيزان - via Jobs In Saudi Arabia - Jooble,,,Not Specified,Not Specified,"This position is listed on behalf of a partner company, who manages all applications and next steps. Our partner is looking for a Lead Mobile App Developer based in Saudi Arabia.

This role offers the opportunity to lead the development of high-quality mobile applications used by customers worldwide",Full-time,https://sa.jooble.org/jdp/5772246716744027260,jsearch,1,2026-09-12T11:36:41.383452+00:00,2026-09-12T11:44:25.761937+00:00
Mobile App Engineer - Team Lead,SIHAMCO,Saudi Arabia - via Bayt.com,,,Not Specified,Not Specified,"We are seeking a versatile and results-driven Senior Software Engineer who is ready to step into a Team Lead role to design, develop, and deliver robust, scalable, and innovative solutions across the full technology stack.
The ideal candidate possesses deep expertise in both front-end and back-end d",Full-time,https://www.bayt.com/en/saudi-arabia/jobs/mobile-app-engineer-team-lead-73651233/,jsearch,1,2026-09-12T11:36:41.383452+00:00,2026-09-12T11:44:25.761937+00:00
IT Business Specialist - Mobile Application Developer,Black Pearl Consult,Riyadh - via Jobrapido.com,,,Not Specified,Not Specified,"IT Business Specialist - Mobile Application Developer
Dammam, Saudi Arabia | Posted on 07/07/2025
Our client, one of the leading Healthcare facilities, is currently looking for an IT Business Specialist - Mobile Application Developer for the Saudi Arabia location.
Programming Languages:
Familiarity",Full-time,https://sa.jobrapido.com/jobpreview/6876645867458134016,jsearch,1,2026-09-12T11:36:41.383452+00:00,2026-09-12T11:44:25.761937+00:00
Mobile Engineer: Build Android & iOS Apps,CoorB,Jeddah - via JobLeads,,,Not Specified,3 years of experience,"CoorB in Jeddah, Saudi Arabia, is seeking a talented Mobile Engineer with 1–3 years of experience to design, build, test, and maintain mobile apps for Android and iOS. You will collaborate with product managers, UI/UX designers, backend developers, and QA to deliver scalable solutions, implement RES",Full-time,https://www.jobleads.com/sa/job/mobile-engineer-build-android-ios-apps--jeddah--e2cc6c16b5e421e9a7515831499f86b55,jsearch,1,2026-09-12T11:36:41.383452+00:00,2026-09-12T11:44:25.761937+00:00
Mobile application Project Manager,RP,Jubail - via Smart Recruiters Jobs,,,Not Specified,Not Specified,"Company Description

Enwan Al Jazeera is a newly formed Saudi company by a group of partners to invest in technology, especially in the development and implementation of web and mobile applications and providing strategic support to entrepreneurs and idea owners in the business of technology, and co",Full-time,https://jobs.smartrecruiters.com/RP1/743999681177135-mobile-application-project-manager,jsearch,1,2026-09-12T11:36:41.383452+00:00,2026-09-12T11:44:25.761937+00:00
IT Business Specialist - Mobile Application Developer,Black Pearl Consultants,Dammam - via Built In,,,"java, javascript, typescript, kotlin, react",Not Specified,"Our client, one of the leading Healthcare facilities, is currently looking for an IT Business Specialist - Mobile Application Developer for the Saudi Arabia location.

• Programming Languages:

• Proficient Dart (for Flutter), JavaScript/TypeScript (for React Native)

• Familiarity in Java/Kotlin /S",Full-time,https://builtin.com/job/it-business-specialist-mobile-application-developer/9847066,jsearch,1,2026-09-12T11:36:41.383452+00:00,2026-09-12T11:44:25.761937+00:00
Data Scientist,Chalhoub Group,Dammam - via GulfTalent,,,Not Specified,Not Specified,"????? ???????

????? ?????? ?????? ????? ?? ??? ??????? ???????? ??? ????? ??????? ???????? ??????? ??????? ???????? ???? ?????. ????? ?? ???? ??????? ?????? ??? ????? ?????? ?? ??????? ?? ????????? ?????? ???? ?? ??? ?? ??? ????? ?? ???? ?????.

?????? ???????????:

• ?????? ??????? ??????? ???????",Full-time,https://www.gulftalent.com/saudi-arabia/jobs/data-scientist-623788,jsearch,1,2026-09-12T11:36:41.383452+00:00,2026-09-12T11:44:25.761937+00:00
Data Scientist,Artefact,Jeddah - via LinkedIn,,,Not Specified,Not Specified,"About us:

Artefact is a new generation of a data service provider, specialising in data consulting and data-driven digital marketing, dedicated to transforming data into business impact across the entire value chain of organisations. We are proud to say we’re enjoying skyrocketing growth.

Our broa",Full-time,https://sa.linkedin.com/jobs/view/data-scientist-at-artefact-4452577770,jsearch,1,2026-09-12T11:36:41.383452+00:00,2026-09-12T11:44:25.761937+00:00
Senior Data Scientist,Devsinc,Riyadh - via GulfTalent,,,machine learning,Not Specified,"Description

We are seeking an experienced Data Scientist – Compliance (Banking) to develop, validate, and deploy advanced analytics and machine learning solutions that support regulatory compliance, financial crime prevention, and risk management initiatives within the banking environment. The idea",Full-time,https://www.gulftalent.com/saudi-arabia/jobs/senior-data-scientist-597014,jsearch,1,2026-09-12T11:36:41.383452+00:00,2026-09-12T11:44:25.761937+00:00
Senior Data Science Consultant – Cards Marketing Analytics,Onepoint Consultants DWC- LLC,Jeddah - via Naukrigulf,,,Not Specified,Not Specified,"We are seeking a Senior Data Science Consultant – Cards Marketing Analytics to join our client team in Jeddah, Saudi Arabia. This role involves leveraging advanced analytics and predictive modeling to drive marketing strategies for credit and debit card portfolios. The ideal candidate will have exte",Full-time,https://www.naukrigulf.com/senior-data-science-consultant-cards-marketing-analytics-jobs-in-jeddah-saudi-arabia-in-one-point-human-resource-management-consultants-7-to-8-years-n-cd-83636-jid-090726001057,jsearch,1,2026-09-12T11:36:41.383452+00:00,2026-09-12T11:44:25.761937+00:00
Senior Data Scientist / Senior ML Engineer,Foodics,Saudi Arabia - via Foundit,,,Not Specified,Not Specified,"Description

Who Are We
We Are Foodics! a leading restaurant management ecosystem and payment tech provider. Founded in 2014 with headquarter in Riyadh and offices across 5 countries, including UAE, Egypt, Jordan and Kuwait. We are currently serving customers and partners in over 35 different countr",Full-time,https://www.founditgulf.com/job/senior-data-scientist-senior-ml-engineer-foodics-saudi-arabia-62210080,jsearch,1,2026-09-12T11:36:41.383452+00:00,2026-09-12T11:44:25.761937+00:00
Expert Data Scientist,Masterworks,Saudi Arabia - via Jobrapido.com,,,machine learning,Not Specified,"Role Summary
The Expert Data Scientist is responsible for developing advanced AI and machine learning models, performing complex data analysis, designing end-to-end AI solutions, and supporting technical teams in delivering data-driven initiatives. The role requires strong technical expertise, analy",Full-time,https://sa.jobrapido.com/jobpreview/1710452770521219072,jsearch,1,2026-09-12T11:36:41.383452+00:00,2026-09-12T11:44:25.761937+00:00
Offshore Data Scientist: Time-Series & Anomaly Analytics,Hermes Corporate,Saudi Arabia - via BeBee,,,Not Specified,Not Specified,"A leading global analytics firm is seeking an Offshore Data Scientist to deliver data-driven analytical solutions in a structured environment. The role involves designing and implementing effective analytics, building data pipelines, and collaborating closely with cross-functional teams. Ideal candi",Full-time,https://bebee.com/sa/jobs/offshore-data-scientist-time-series-anomaly-analytics-hermes-corporate--bs-sa-dc906675-a0ab-460d-8989-4f5da330c459,jsearch,1,2026-09-12T11:36:41.383452+00:00,2026-09-12T11:44:25.761937+00:00
"Principal Specialist, Data Modeling & Arch",Ma'aden Legal Employer,Riyadh - via Maaden,,,Not Specified,Not Specified,"Maaden, established in 1997, is one of the fastest-growing mining companies in the world and the largest multi-commodity mining and metals company in the Middle East. We are leading the development of the mining industry to become the third pillar of Saudi Arabia’s economy by building a world-class,",Full-time,https://careers.maaden.com/gb/en/job/7709/Principal-Specialist-Data-Modeling-Arch,jsearch,1,2026-09-12T11:36:41.383452+00:00,2026-09-12T11:44:25.761937+00:00
Data Scientist Offre Senior - Offshore,Laotop,Riyadh - via Jobs In Saudi Arabia - Jooble,,,Not Specified,Not Specified,"Objectif de la mission

Recherche d'un Data Scientiste Senior pour construire et livrer des solutions avancées en analyses statistiques et apprentissage automatique qui soutiennent les décisions commerciales basées sur données.
Missions principales
• Développer et déployer des modèles ML et statisti",Full-time,https://sa.jooble.org/jdp/3563814024965353044,jsearch,1,2026-09-12T11:36:41.383452+00:00,2026-09-12T11:44:25.761937+00:00
Lead Data Scientist (Fintech / Banking),Xenon Seven,Saudi Arabia - via Foundit,,,Not Specified,Not Specified,"About us:

Where elite tech talent meets world-class opportunities!

At Xenon7, we work with leading enterprises and innovative startups on exciting, cutting-edge projects that leverage the latest technologies across various domains of IT including Data, Web, Infrastructure, AI, and many others. Our",Full-time,https://www.founditgulf.com/job/lead-data-scientist-fintech-banking-xenon-seven-saudi-arabia-44361835,jsearch,1,2026-09-12T11:36:41.383452+00:00,2026-09-12T11:44:25.761937+00:00
AFC Data Analyst,AtkinsRéalis,Riyadh (+ مكان واحد آخر) - via AtkinsRéalis,,,Not Specified,Not Specified,"Overview

We are seeking an experienced AFC Data Analyst to support data-driven decision-making within public transportation systems. The ideal candidate will have deep expertise in analyzing fare collection data, passenger behavior, revenue performance, and system efficiency, with a strong understa",Full-time,https://careers.atkinsrealis.com/en/jobs/afc-data-analyst-r-157245,jsearch,1,2026-09-12T11:36:41.383452+00:00,2026-09-12T11:44:25.761937+00:00
"Data Analyst in Riyadh, Saudi Arabia",Flyper,Riyadh - via JobLeads,,,Not Specified,Not Specified,"Data Analyst vacancy in Riyadh Saudi Arabia

Data Analyst in Riyadh, Saudi Arabia
We have an exciting opportunity for an experienced Data Analyst to join our team in Riyadh.
The ideal candidate will have a deep knowledge of data analytics and experience extracting insights from complex data sets. We",Full-time,https://www.jobleads.com/sa/job/data-analyst-in-riyadh-saudi-arabia--riyadh--e73c811b48f69ff75d9a6f2aa4da923a8,jsearch,1,2026-09-12T11:36:41.383452+00:00,2026-09-12T11:44:25.761937+00:00
Part time Search Analyst Saudi Arabia,TELUS Digital AI Data Solutions,Khobar - via LinkedIn,,,Not Specified,Not Specified,"Ready to ditch the traditional 9-5 grind? If you are an Arabic and English speaker living in Saudi Arabia, join our community as a Media Search Analyst, set your own flexible schedule and complete engaging tasks with an innovative web-based evaluation tool!

What You’ll Do As A Media Search Analyst:",Part-time,https://sa.linkedin.com/jobs/view/part-time-search-analyst-saudi-arabia-at-telus-digital-ai-data-solutions-4458760850,jsearch,1,2026-09-12T11:36:41.383452+00:00,2026-09-12T11:44:25.761937+00:00
"Riyadh Data Analyst - Dynamic Work, Growth & Benefits",India Abroad,Riyadh - via JobLeads,,,Not Specified,Not Specified,"India Abroad is seeking a proactive Data Analyst to join our Riyadh team. The role offers a monthly salary of 1,500 SAR and the opportunity to work with cutting-edge technologies while developing your data analysis and reporting capabilities.

You will assess large data sets, generate actionable ins",Full-time,https://www.jobleads.com/sa/job/riyadh-data-analyst-dynamic-work-growth-benefits--riyadh--e321c815b33f42bfad3b5d7ffd4fd9dd8,jsearch,1,2026-09-12T11:36:41.383452+00:00,2026-09-12T11:44:25.761937+00:00
Data Analyst: Turn Data Into Business Wins in Riyadh,Work in USA,Riyadh - via JobLeads,,,Not Specified,Not Specified,"Data Analyst vacancy in Riyadh, Saudi Arabia, is seeking an experienced analyst to join our team on-site. You will collect, analyze, and interpret data from diverse sources and present it in a way that supports business decisions.

The role emphasizes analytical thinking, reporting, and clear commun",Full-time,https://www.jobleads.com/sa/job/data-analyst-turn-data-into-business-wins-in-riyadh--riyadh--e0bc5408052d83971bf97c50651270e0a,jsearch,1,2026-09-12T11:36:41.383452+00:00,2026-09-12T11:44:25.761937+00:00
Data Analyst (0 Experience Required),Peroptyx,Saudi Arabia - via Foundit,,,Not Specified,Not Specified,"For thousands of years, maps have provided humans with the knowledge they need to make decisions. As a Maps Evaluator, you will have the opportunity to provide ground truth for your town, city or country.

At Peroptyx, we are looking for Data Analysts who will review mapping data for digital mapping",Full-time,https://www.founditgulf.com/job/data-analyst-0-experience-required-peroptyx-saudi-arabia-62560223,jsearch,1,2026-09-12T11:36:41.383452+00:00,2026-09-12T11:44:25.761937+00:00
"Riyadh data analyst — insights, dashboards & growth",JobCenter,Riyadh - via The BIG Jobsite,,,Not Specified,Not Specified,"Job Center in Riyadh is seeking a Data Analyst to analyze large datasets and generate actionable insights to inform business decisions. The role includes extracting data from databases, applying statistical methods, and creating dashboards to visualize insights for stakeholders. The ideal candidate",Full-time,https://sa.thebigjobsite.com/details/E221EB4AF75C5DE7A70CBB8632CD80EE/riyadh-data-analyst---insights--dashboards---growth,jsearch,1,2026-09-12T11:36:41.383452+00:00,2026-09-12T11:44:25.761937+00:00
Data Analyst.,Master-Works,Riyadh - via Workable Jobs,,,Not Specified,Not Specified,"Master-Works is excited to announce an opening for a Data Analyst to join our innovative and collaborative team. In this position, you will play a pivotal role in analyzing data to help guide strategic decisions and improve business operations. Your analytical insights will be critical in fostering",Full-time,https://jobs.workable.com/view/6CedQkmPLziNuScknunXUz/data-analyst.-in-riyadh-at-master-works,jsearch,1,2026-09-12T11:36:41.383452+00:00,2026-09-12T11:44:25.761937+00:00
Data Analyst II - Credit,Tamara,Riyadh - via BeBee,,,Not Specified,Not Specified,"About Us

Tamara is the leading fintech platform in Saudi Arabia and the wider GCC region with a mission to help people make their dreams come true by building the most customer-centric financial super-app on earth. The company serves millions of users in the region and partners with leading global",فترة Internship,https://bebee.com/sa/jobs/data-analyst-ii-credit-tamara-riyadh--ss-sa-leghj,jsearch,1,2026-09-12T11:36:41.383452+00:00,2026-09-12T11:44:25.761937+00:00
"Data Analyst: Insights & Visualizations, Flexible Hours",JobCenter,Riyadh - via JobLeads,,,sql,Not Specified,"JobCenter in Riyadh, Saudi Arabia, is seeking a Data Analyst to join our team. The role involves collecting, analyzing and interpreting large data sets to identify trends, correlations, and actionable insights for business strategies.

The ideal candidate will have a Bachelor's degree, strong SQL/Or",Full-time,https://www.jobleads.com/sa/job/data-analyst-insights-visualizations-flexible-hours--riyadh--edfd67a971d71bdf3af426831f705a89f,jsearch,1,2026-09-12T11:36:41.383452+00:00,2026-09-12T11:44:25.761937+00:00
Data Engineering Team Leader,Riyad Bank,Riyadh - via LinkedIn,,,Not Specified,Not Specified,"JOB PURPOSE / ROLE:

Play the role of data ownership on behalf of the business (this include representing the voice of the business division in the executive governance committee).

Ensure data stewardship provided is following the enterprise data management asset model and lead the data initiatives",Full-time,https://sa.linkedin.com/jobs/view/data-engineering-team-leader-at-riyad-bank-4442356001,jsearch,1,2026-09-12T11:36:41.383452+00:00,2026-09-12T11:44:25.761937+00:00
Data Pipeline Engineer: ETL & Big Data in Riyadh,exequt MENA,Riyadh - via JobLeads,,,etl,Not Specified,ExeQut is seeking an ETL Engineer to build and maintain data pipelines for analytics and data platforms. You will own end-to-end ETL processes—from extraction strategies to transformation logic—working in a big data stack and collaborating with business teams to translate requirements into pipelines,Full-time,https://www.jobleads.com/sa/job/data-pipeline-engineer-etl-big-data-in-riyadh--riyadh--ed7ed54b00629f5d80b3eac9131f12e6f,jsearch,1,2026-09-12T11:36:41.383452+00:00,2026-09-12T11:44:25.761937+00:00
Data Engineer,Mindstream,Dhahran - via إنديد,,,etl,Not Specified,"HIRING – DATA ENGINEER

Dhahran, Saudi Arabia

W*e are looking for a skilled Data Engineer* to design and build scalable data infrastructure that enables data-driven decision-making.

Requirements:

Strong experience in designing and maintaining ETL/ELT data pipelines.

Hands-on experience with Apac",Full-time,https://sa.indeed.com/viewjob?jk=162d13fb17601ac4,jsearch,1,2026-09-12T11:36:41.383452+00:00,2026-09-12T11:44:25.761937+00:00
"Staff Data Engineer – Display Marketing / Bidding Systems Team (Bangkok based, relocation provided)",Agoda,Riyadh - via LinkedIn,,,Not Specified,Not Specified,"About Agoda

At Agoda, we bridge the world through travel. Our story began in 2005, when two lifelong friends and entrepreneurs, driven by their passion for travel, launched Agoda to make it easier for everyone to explore the world.

Today, we are part of Booking Holdings [NASDAQ: BKNG], with a dive",Full-time,https://sa.linkedin.com/jobs/view/staff-data-engineer-%E2%80%93-display-marketing-bidding-systems-team-bangkok-based-relocation-provided-at-agoda-4444454646,jsearch,1,2026-09-12T11:36:41.383452+00:00,2026-09-12T11:44:25.761937+00:00
Data Modeler / Big Data Engineer,TAWANTECH,Riyadh - via Workable Jobs,,,Not Specified,Not Specified,"We are seeking a Data Modeler / Big Data Engineer to design scalable data architectures and support the bank’s enterprise data platform, analytics, and digital transformation initiatives.
Key Responsibilities
• Design and maintain enterprise data models for banking data domains.
• Develop and manage",Full-time,https://apply.workable.com/tawantech/j/3B04BFEA75,jsearch,1,2026-09-12T11:36:41.383452+00:00,2026-09-12T11:44:25.761937+00:00
Big Data Engineer,INTECH Process Automation,Jubail - via INTECH Process Automation,,,Not Specified,Not Specified,"Description

About the job

Join our Team - Your career journey starts here – not just a job, but a future.

Our Potential Opportunity

INTECH Automation Intelligence is seeking a Big Data Engineer to join our dynamic team. This role is pivotal in supporting Industrial Digitalization Solutions acros",Full-time,https://www.intechww.com/careers/co/jubail-saudi-arabia/49.666/big-data-engineer/all/,jsearch,1,2026-09-12T11:36:41.383452+00:00,2026-09-12T11:44:25.761937+00:00
Senior Data Engineer - Web Scraping,Jobgether,Saudi Arabia - via Jobs In Saudi Arabia - Jooble,,,Not Specified,Not Specified,"This position is listed on behalf of a partner company, who manages all applications and next steps. Our partner is looking for a Senior Data Engineer - Web Scraping based in Saudi Arabia.

This is a fully remote opportunity for a data engineering professional specializing in web scraping, data proc",Full-time,https://sa.jooble.org/jdp/-4612954766767033163,jsearch,1,2026-09-12T11:36:41.383452+00:00,2026-09-12T11:44:25.761937+00:00
Data Engineering/Science consultant | GenAI /LLMs | Dammam,Infosys,Saudi Arabia - via Foundit,,,genai,Not Specified,"Technology – GenAI/ LLMs

Location – Dammam, Saudi Arabia

Job Description

Today, the corporate landscape is dynamic and the world ahead is full of possibilities! None of the amazing things we do at Infosys would be possible without an equally amazing culture, the environment where ideas can flouri",Full-time,https://www.founditgulf.com/job/data-engineering-science-consultant-genai-llms-dammam-infosys-saudi-arabia-64056782,jsearch,1,2026-09-12T11:36:41.383452+00:00,2026-09-12T11:44:25.761937+00:00
ICT Storage &amp; Data Engineer 80 – 100%,Hochschule Luzern - Digital Business & Innovation (HSLU DB&I),Saudi Arabia - via LinkedIn,,,Not Specified,Not Specified,"Als grösste Bildungsinstitution der sechs Zentralschweizer Kantone ist die Hochschule Luzern mit ihrem Angebot am Puls der Zeit. Weitsichtig und innovativ, national und international vermitteln wir Wissen. Gestalten Sie mit und werden Sie Teil unserer gemeinsamen, nachhaltigen Zukunft.

Die Hochschu",Part-time,https://sa.linkedin.com/jobs/view/ict-storage-amp-data-engineer-80-%E2%80%93-100%25-at-hochschule-luzern-digital-business-innovation-hslu-db-i-4455371280,jsearch,1,2026-09-12T11:36:41.383452+00:00,2026-09-12T11:44:25.761937+00:00
Senior Data Engineering Consultant - AI & Cloud Analytics,Ernst & Young AE,Riyadh - via JobLeads,,,Not Specified,Not Specified,"Ernst & Young AE seeks an experienced data engineering consultant to translate business strategies into robust data platforms and pipelines across client engagements in the Saudi market.

You will architect end-to-end data solutions, design modern architectures, and collaborate with stakeholders to",Full-time,https://www.jobleads.com/sa/job/senior-data-engineering-consultant-ai-cloud-analytics--riyadh--e7a6f6b86008ee775244612ec7cdc8bdf,jsearch,1,2026-09-12T11:36:41.383452+00:00,2026-09-12T11:44:25.761937+00:00
"Machine Learning Engineer, Staff level (Datacentre AI Engineering) - Riyadh, KSA",Qualcomm,Riyadh - via LinkedIn,,,Not Specified,Not Specified,"Company

Qualcomm Middle East Information Technology Company LLC

Job Area

Engineering Group, Engineering Group > Software Engineering

General Summary

About Us

Qualcomm is growing its presence in Riyadh and is hiring Data Centre Engineers to support our expanding infrastructure across the region",Full-time,https://sa.linkedin.com/jobs/view/machine-learning-engineer-staff-level-datacentre-ai-engineering-riyadh-ksa-at-qualcomm-4392401954,jsearch,1,2026-09-12T11:36:41.383452+00:00,2026-09-12T11:44:25.761937+00:00
Machine Learning Engineeir,Company,Riyadh - via Naukrigulf,,,"machine learning, pytorch, scikit-learn",Not Specified,"Design, build, test, and deploy machine learning models using Pytorch, Scikit-learn, and NumpyCollaborate with cross-functional teams to identify business problems and develop machine learning solutionsWork with large datasets to train and validate machine learning modelsOptimize and fine-tune model",Full-time,https://www.naukrigulf.com/machine-learning-engineeir-jobs-in-riyadh-saudi-arabia-in-company-3-to-5-years-n-cd-351589-jid-210726001333,jsearch,1,2026-09-12T11:36:41.383452+00:00,2026-09-12T11:44:25.761937+00:00
Senior ML Engineer – Production AI & MLOps,Latitude,Riyadh - via JobLeads,,,machine learning,Not Specified,"Alrkeen is seeking an experienced Machine Learning Engineer to design, build, and deploy AI models and data pipelines that address real-world business challenges. You will partner with stakeholders to translate measurable objectives into production‑grade ML solutions, balancing performance, reliabil",Full-time,https://www.jobleads.com/sa/job/senior-ml-engineer-production-ai-mlops--riyadh--e9284f4b2c3c38a4dd4ae6f2da8d315ed,jsearch,1,2026-09-12T11:36:41.383452+00:00,2026-09-12T11:44:25.761937+00:00
AI Engineer - Remote,YO IT Consulting,Riyadh - via LinkedIn,,,Not Specified,Not Specified,"Job Description

Job Title: AI Engineer

Job Type: Contract

Location: Remote

Job Summary: In this role, you'll apply your expertise to help train next-generation AI systems. Your work will shape how models learn, reason, and perform through high-quality, real-world input. No prior experience in AI",Full-time,https://sa.linkedin.com/jobs/view/ai-engineer-remote-at-yo-it-consulting-4440623333,jsearch,1,2026-09-12T11:36:41.383452+00:00,2026-09-12T11:44:25.761937+00:00
AI / ML Engineer -  0–12+ Years Experience,Datamatics Technologies,Riyadh - via BeBee,,,Not Specified,12+ years,"Please read the JD carefully berore applying.
Job Description – AI / ML Engineer | 0–12+ Years Experience

Position

AI / ML Engineer (T1–T5)

Location

Riyadh, Kingdom of Saudi Arabia (KSA)

Relocation Required: Yes

Experience

0–12+ Years

Job Summary

We are seeking AI / ML Engineers across mult",Full-time,https://bebee.com/sa/jobs/ai-ml-engineer-012-years-experience-datamatics-technologies-riyadh-riyadh-saudi-arabia--t7xk-765095865,jsearch,1,2026-09-12T11:36:41.383452+00:00,2026-09-12T11:44:25.761937+00:00
Senior Quantum ML Engineer – Client Solutions,Nabla,Saudi Arabia - via JobLeads,,,machine learning,Not Specified,"Pasqal in the Saudi-based team is seeking a Senior machine learning engineer with around 5 years of professional experience and an interest in quantum computing to join its Quantum Applications department delivery team to build client-facing solutions based on Pasqal’s quantum ML portfolio.

You wil",Full-time,https://www.jobleads.com/sa/job/senior-quantum-ml-engineer-client-solutions--saudi-arabia--ee180e404e109573999de315f9d1ab7cb,jsearch,1,2026-09-12T11:36:41.383452+00:00,2026-09-12T11:44:25.761937+00:00
"Lead Engineer, AI & Machine Learning II",International Women in Mining,Saudi Arabia - via Jobs In Saudi Arabia - Jooble,,,machine learning,Not Specified,"Job Title : Lead Engineer, AI & Machine Learning II

Job location : Ras Al Khair, Saudi Arabia
Job Purpose

The Lead Engineer, AI & Machine Learning plays a critical role in shaping the organization’s AI, machine learning, and advanced analytics strategy. This position is responsible for providing e",Full-time,https://sa.jooble.org/jdp/1846821148374028723,jsearch,1,2026-09-12T11:36:41.383452+00:00,2026-09-12T11:44:25.761937+00:00
AI Team Lead,InnovationTeam,Saudi Arabia - via Bayt.com,,,Not Specified,Not Specified,"InnovationTeam is a forward-thinking technology company specialized in delivering advanced AI-driven solutions for enterprises and government organizations.
We are currently seeking a highly skilled AI Team Lead to join our team onsite in Saudi Arabia.
As an AI Team Lead at InnovationTeam, you will",Full-time,https://www.bayt.com/en/saudi-arabia/jobs/ai-team-lead-74709843/,jsearch,1,2026-09-12T11:36:41.383452+00:00,2026-09-12T11:44:25.761937+00:00
AI Engineer,Riyadh Air | طيران الرياض,Saudi Arabia - via LinkedIn,,,Not Specified,Not Specified,"Riyadh Air (RX), headquartered in the Saudi Capital, is the new national airline that’s shaping the future of flying. It seeks to lead the aviation industry by transforming Saudi Arabia into a global aviation and trade hub – a digitally native airline that will connect the kingdom to more than 100 d",Full-time,https://sa.linkedin.com/jobs/view/ai-engineer-at-riyadh-air-%D8%B7%D9%8A%D8%B1%D8%A7%D9%86-%D8%A7%D9%84%D8%B1%D9%8A%D8%A7%D8%B6-4451657631,jsearch,1,2026-09-12T11:36:41.383452+00:00,2026-09-12T11:44:25.761937+00:00
"Full Stack Machine Learning Engineer (Datacentre AI Engineering) - Riyadh, KSA",Qualcomm,Riyadh - via Glassdoor,,,Not Specified,Not Specified,"Company:

Qualcomm Middle East Information Technology Company LLC

Job Area:

Engineering Group, Engineering Group > Software Engineering

General Summary:

About Us

Qualcomm is enabling a world where everyone and everything can be intelligently connected. You interact with products and technologie",Full-time,"https://www.glassdoor.co.uk/job-listing/full-stack-machine-learning-engineer-datacentre-ai-engineering-riyadh-ksa-qualcomm-JV_IC3110290_KO0,73_KE74,82.htm?jl=1010100331592",jsearch,1,2026-09-12T11:36:41.383452+00:00,2026-09-12T11:44:25.761937+00:00
Principal AI Engineer,Tandem Search,Khobar - via LinkedIn,,,computer vision,Not Specified,"Principal Computer Vision & AI Engineer

Location: Al Khobar, Saudi Arabia

Role Overview

We are looking for a highly experienced Principal Computer Vision & AI Engineer to lead the technical direction of production AI systems operating over live video streams in real-world environments.

This is a",Full-time,https://sa.linkedin.com/jobs/view/principal-ai-engineer-at-tandem-search-4456916167,jsearch,1,2026-09-12T11:36:41.383452+00:00,2026-09-12T11:44:25.761937+00:00
AI Evaluation Engineer,Mindrift,Saudi Arabia - via GulfTalent,,,Not Specified,Not Specified,"Please submit your CV in English and indicate your level of English proficiency.

Mindrift connects specialists with project-based AI opportunities for leading tech companies, focused on testing, evaluating, and improving AI systems. Participation is project-based, not permanent employment.

What th",Full-time,https://www.gulftalent.com/saudi-arabia/jobs/ai-evaluation-engineer-620796,jsearch,1,2026-09-12T11:36:41.383452+00:00,2026-09-12T11:44:25.761937+00:00
Principal AI Engineer – Computer Vision & Video AI,UMATR,Khobar - via LinkedIn,,,Not Specified,Not Specified,"📍Al Khobar, Saudi Arabia

→ Up to SAR 50k per month

We’re partnering with a technology company using AI to improve safety across large-scale industrial and construction environments. Their platform analyses live site video to identify potential hazards and provide teams with timely, actionable safe",Full-time,https://sa.linkedin.com/jobs/view/principal-ai-engineer-%E2%80%93-computer-vision-video-ai-at-umatr-4451225017,jsearch,1,2026-09-12T11:36:41.383452+00:00,2026-09-12T11:44:25.761937+00:00
Staff AI Engineer,EjadTech,Riyadh - via إيجاد التقنية لتقنية المعلومات,,,Not Specified,Not Specified,"About the Role

We are seeking a Staff AI Engineer to serve as a Technical Lead and Lead Practitioner.

At the L4 level, you are the “Master Builder.” You are not just an architect who draws diagrams; you are an expert engineer capable of implementing the entire system end-to-end. From raw data inge",Full-time,https://erp.ejadtech.sa/jobs/staff-ai-engineer-1112,jsearch,1,2026-09-12T11:36:41.383452+00:00,2026-09-12T11:44:25.761937+00:00
AI Solution Engineer,Master-Works,Riyadh - via GulfTalent,,,Not Specified,Not Specified,"Description

Our subsidiary (Nabeh) is seeking an AI solution engineer who combines strong technical knowledge in AI and software engineering with excellent customer-facing and presentation skills. The role will work closely with Sales, Product, and Engineering teams to understand customer requireme",Full-time,https://www.gulftalent.com/saudi-arabia/jobs/ai-solution-engineer-602461,jsearch,1,2026-09-12T11:36:41.383452+00:00,2026-09-12T11:44:25.761937+00:00
Senior AI Engineer,Sulava MEA,Riyadh - via Sulava MEA Career Site,,,agentic,Not Specified,"Team: Build, Frontier Firm Live (FFL)

Reports to: Head of Build

Location: Riyadh, Saudi Arabia (With Iqama preferred)
Type: Full‑time

Why This Role Matters

We are scaling enterprise-grade agentic AI across the Middle East and Africa. Build is the engine room behind that work: the team that desig",Full-time,https://careers.sulavamea.com/jobs/7988470-senior-ai-engineer,jsearch,1,2026-09-12T11:36:41.383452+00:00,2026-09-12T11:44:25.761937+00:00
AI Industry Architect - KSA,SAP,Riyadh - via SAP Careers,,,Not Specified,Not Specified,"We help the world run better
At SAP, we keep it simple: you bring your best to us, and we'll bring out the best in you. We're builders touching over 20 industries and 80% of global commerce, and we need your unique talents to help shape what's next. The work is challenging – but it matters. You'll f",Full-time,https://jobs.sap.com/job/Riyadh-AI-Industry-Architect-KSA-11435/1396956333/,jsearch,1,2026-09-12T11:36:41.383452+00:00,2026-09-12T11:44:25.761937+00:00
Cyber Security SGM,Abdul Latif Jameel,Jeddah - via LinkedIn,,,Not Specified,Not Specified,"Job Title: Cyber Security SGM

Abdul Latif Jameel comprises diversified businesses with deep roots in the Middle East, North Africa, and Turkey (MENAT region). Strong networks and long-established relationships make us a powerful partner, opening doors for those who want to do business in the region",Full-time,https://sa.linkedin.com/jobs/view/cyber-security-sgm-at-abdul-latif-jameel-4457881810,jsearch,1,2026-09-12T11:36:41.383452+00:00,2026-09-12T11:44:25.761937+00:00
Cybersecurity Analyst,Innovative Solutions,Riyadh - via GulfTalent,,,cybersecurity,Not Specified,"Company

Innovative Solutions (IS) is a leading pure-player cyber security company in the GCC established in 2003, headquartered in Riyadh with presence in Al Khobar, Jeddah, Dubai, and Abu Dhabi. Our cybersecurity solutions and services encompass advisory services, technical assurance, solution dep",Full-time,https://www.gulftalent.com/saudi-arabia/jobs/cybersecurity-analyst-615139,jsearch,1,2026-09-12T11:36:41.383452+00:00,2026-09-12T11:44:25.761937+00:00
Cyber Security Product - Senior Manager,Hays,Riyadh - via LinkedIn,,,cybersecurity,Not Specified,"Your New Role

An opportunity has arisen to join a premier, market-leading cybersecurity and digital transformation entity in Saudi Arabia. Backed by energy and digital sector leaders, this powerhouse firm delivers advanced cybersecurity advisory, threat intelligence, and managed defence solutions t",Full-time,https://sa.linkedin.com/jobs/view/cyber-security-product-senior-manager-at-hays-4452243649,jsearch,1,2026-09-12T11:36:41.383452+00:00,2026-09-12T11:44:25.761937+00:00
Cybersecurity GRC Specialist,Tibah Airports Operation Co.,Mecca - via GulfTalent,,,cybersecurity,Not Specified,"Responsibilities

Manage and oversee the implementation of cybersecurity strategies, policies, standards, and procedures across the organization.

Conduct cybersecurity risk assessments to identify threats, vulnerabilities, and risks across IT and OT/ICS environments.

Develop, track, and monitor cy",Full-time,https://www.gulftalent.com/saudi-arabia/jobs/cybersecurity-grc-specialist-611212,jsearch,1,2026-09-12T11:36:41.383452+00:00,2026-09-12T11:44:25.761937+00:00
AI Tech Consultant Cybersecurity - Riyadh | BCG Platinion,Boston Consulting Group,Riyadh - via BCG Careers - Boston Consulting Group,,,Not Specified,Not Specified,"Who We Are

At BCG Platinion, we close the gap between strategy and technology. We design and build AI tech strategies, AI solutions, and next-generation platform architectures that turn ambition into execution, turning buzzwords into a true business engine and real competitive advantage.

Working a",Full-time,https://careers.bcg.com/global/en/job/58528/AI-Tech-Consultant-Cybersecurity-Riyadh-BCG-Platinion,jsearch,1,2026-09-12T11:36:41.383452+00:00,2026-09-12T11:44:25.761937+00:00
Cyber Security Engineer,AIQU,Saudi Arabia - via Foundit,,,cybersecurity,5+ years,"We are looking for an experienced Senior Cyber Security Engineer with a strong background in Industrial Control Systems (ICS) / Operational Technology (OT) to join a leading industrial project in Saudi Arabia.

Key Requirements:

✅ 5+ years of OT/ICS Cybersecurity experience

✅ Hands-on experience w",Full-time,https://www.founditgulf.com/job/cyber-security-engineer-aiqu-saudi-arabia-60900663,jsearch,1,2026-09-12T11:36:41.383452+00:00,2026-09-12T11:44:25.761937+00:00
"Saudi Arabia Cybersecurity, Threat Intelligence & Fraud Protection Cyber Fraud Analyst (Data Analyst)",Group-IB,Saudi Arabia - via JobLeads,,,cybersecurity,Not Specified,"← Back to all vacancies Saudi Arabia Cybersecurity, Threat Intelligence & Fraud Protection
Cyber Fraud Analyst (Data Analyst)
What makes the role special
Founded in 2003 and headquartered in Singapore, Group-IB is a leading creator of cybersecurity technologies to investigate, prevent, and fight dig",Full-time,https://www.jobleads.com/sa/job/saudi-arabia-cybersecurity-threat-intelligence-fraud-protection-cyber-fraud-analyst-data-analyst--saudi-arabia--ed07e0b0f91ccf4de9bbd019c039f6aef,jsearch,1,2026-09-12T11:36:41.383452+00:00,2026-09-12T11:44:25.761937+00:00
SOC Specialist: Cyber Defense (Detection & Monitoring),ES Consulting,Riyadh - via BeBee,,,Not Specified,Not Specified,"We're Hiring | Cyber Defense Specialist — Detection & Monitoring (Saudi Nationals Only)

We are looking for a Cyber Defense Specialist to join our resident SOC team supporting a leading government entity in Riyadh (on-site).

What you'll do

• Build and enhance detection capabilities across EDR, DLP",متعاقد,https://bebee.com/sa/jobs/soc-specialist-cyber-defense-detection-monitoring-es-consulting-riyadh-riyadh--t7xk-815245593,jsearch,1,2026-09-12T11:36:41.383452+00:00,2026-09-12T11:44:25.761937+00:00
Senior Cybersecurity Specialist,TAWANTECH,Riyadh - via GulfTalent,,,"cybersecurity, siem",Not Specified,"Provide end-to-end production support for cybersecurity platforms including Splunk (SIEM), SOAR, and VPN infrastructure ensuring high availability and service reliability.

Monitor security platforms, dashboards, and alerts to ensure continuous operational effectiveness and proactive issue detection",Full-time,https://www.gulftalent.com/saudi-arabia/jobs/senior-cybersecurity-specialist-609784,jsearch,1,2026-09-12T11:36:41.383452+00:00,2026-09-12T11:44:25.761937+00:00
ICS Cybersecurity Engineer,Air Products,ضبا‎ - via LinkedIn,,,Not Specified,Not Specified,"At Air Products, we reimagine what’s possible. By tapping into the motivation of our people and our collective experience, we create the ideas and innovations that drive us forward. When we come together – where every voice is heard and everyone knows they belong and matter – we create solutions tha",Full-time,https://sa.linkedin.com/jobs/view/ics-cybersecurity-engineer-at-air-products-4416684883,jsearch,1,2026-09-12T11:36:41.383452+00:00,2026-09-12T11:44:25.761937+00:00
DevOps Engineer,ARENGY,Dammam - via LinkedIn,,,devops,Not Specified,"ARENGY is a specialized engineering and technology consulting company supporting clients across the Middle East and Europe.

We are looking for a profile of DevOps Engineer - Solution Integration & Operations as a contractor to be based in Dammam, Saudi Arabia in order to support existing client's t",Full-time,https://sa.linkedin.com/jobs/view/devops-engineer-at-arengy-4446580307,jsearch,1,2026-09-12T11:36:41.383452+00:00,2026-09-12T11:44:25.761937+00:00
Senior DevOps/Platform Engineer (Saudi Nationals),Confidential Company,Saudi Arabia - via Naukrigulf,,,"redis, elasticsearch, gcp, kubernetes, linux",Not Specified,"Manage and support Linux servers, Kubernetes clusters, and containerized workloads.Administer and optimize GCP resources and cloud services.Support platform services including Elasticsearch, Redis, RabbitMQ, and associated components.Monitor platform health, integrations, logs, alerts, and overall s",Full-time,https://www.naukrigulf.com/senior-devops-platform-engineer-jobs-in-riyadh-saudi-arabia-in-confidential-3-to-8-years-n-jid-270726000624,jsearch,1,2026-09-12T11:36:41.383452+00:00,2026-09-12T11:44:25.761937+00:00
DevOps Lead,Client of imploy,Riyadh - via Naukrigulf,,,"ci/cd, devops",Not Specified,"About the Role We are seeking an experienced DevOps Lead to drive the design, implementation, and continuous improvement of our cloud infrastructure, CI/CD pipelines, and deployment strategies. In this leadership role, you will oversee the DevOps function, mentor engineering teams, and ensure the re",Full-time,https://www.naukrigulf.com/devops-lead-jobs-in-riyadh-saudi-arabia-in-client-of-imploy-7-to-12-years-n-cd-50000292-jid-210726500362,jsearch,1,2026-09-12T11:36:41.383452+00:00,2026-09-12T11:44:25.761937+00:00
"DevOps Engineer | Cloud, CI/CD & Kubernetes",Raqmiyat,Riyadh - via Jobs In Saudi Arabia - Jooble,,,"ci/cd, devops",3 years of experience,"An IT and digital transformation company in Saudi Arabia is seeking a skilled DevOps Engineer to design and maintain CI/CD pipelines and manage cloud infrastructure. The ideal candidate has over 3 years of experience and proficiency in CI/CD tools, cloud platforms, and scripting languages. Responsib",Full-time,https://sa.jooble.org/jdp/780851207308569624,jsearch,1,2026-09-12T11:36:41.383452+00:00,2026-09-12T11:44:25.761937+00:00
GCP Cloud DevOps Engineer (m/f/d),"Halian | Managed Services, Recruitment Agency & Contract Staffing",Saudi Arabia - via BeBee,,,"gcp, devops",minimum of 7 years,"Location - Dhahran, KSA
We are seeking a highly accomplished, senior-level GCP DevOps Engineer with a minimum of 7 years of experience specializing in designing, building, and delivering robust, enterprise-scale DevOps solutions. This role is tailored for a technical powerhouse who has a proven trac",Full-time,https://bebee.com/sa/jobs/gcp-cloud-devops-engineer-halian-managed-services-recruitment-agency-contract-staffing-al-khobar-eas--t7xk-812149992,jsearch,1,2026-09-12T11:36:41.383452+00:00,2026-09-12T11:44:25.761937+00:00
"Senior Cloud & DevOps Engineer: AWS, Azure, Terraform",UNKNOWN,Riyadh - via JobLeads,,,"aws, azure, devops",Not Specified,"Unknown is seeking a Cloud & DevOps engineer to support clients in Saudi Arabia and Jordan, designing, migrating and operating cloud infrastructure on AWS and Azure. You will lead engagements from readiness assessment to run-and-operate handover, collaborating with a team that values reliability and",Full-time,https://www.jobleads.com/sa/job/senior-cloud-devops-engineer-aws-azure-terraform--riyadh--e550e24bb4d13baca4ec02ce79482a885,jsearch,1,2026-09-12T11:36:41.383452+00:00,2026-09-12T11:44:25.761937+00:00
Senior Devops Engineer - GCP,"Halian | Managed Services, Recruitment and Contract Staffing Agency",Dhahran - via LinkedIn,,,"google cloud, ci/cd, devops",Not Specified,"Job Summary:

We are looking for an experienced Cloud DevOps Engineer to join our clients team, you will be responsible for designing and maintaining robust CI/CD pipelines, managing infrastructure as code, and architecting scalable solutions on Google Cloud Platform. You will play a key role in int",متعاقد,https://sa.linkedin.com/jobs/view/senior-devops-engineer-gcp-at-halian-managed-services-recruitment-agency-contract-staffing-4456609926,jsearch,1,2026-09-12T11:36:41.383452+00:00,2026-09-12T11:44:25.761937+00:00
DevOps Engineer,webook.com,Riyadh - via Workable Jobs,,,Not Specified,Not Specified,"Do you want to love what you do at work? Do you want to make a difference, an impact, transform peoples lives? Do you want to work with a team that believes in disrupting the normal, boring, and average?

If yes, then this is the job you're looking for ,webook.com is Saudi's #1 event ticketing and e",Full-time,https://apply.workable.com/webook/j/0E31576A95,jsearch,1,2026-09-12T11:36:41.383452+00:00,2026-09-12T11:44:25.761937+00:00
"SRE, DevOps Engineer",Jobtailor,Saudi Arabia - via Jobs In Saudi Arabia - Jooble,,,"ci/cd, devops",Not Specified,"• Develop and deliver software required for building & improving the functionality, reliability, availability, and manageability of applications and cloud platforms using a DevOps model for On-Prem (OpenStack)

• Automate the development, testing, and deployment processes through CI/CD pipelines (Gi",Full-time,https://sa.jooble.org/jdp/7167594226154149166,jsearch,1,2026-09-12T11:36:41.383452+00:00,2026-09-12T11:44:25.761937+00:00
DevOps Engineer,EPAM Systems,Khobar - via BeBee,,,Not Specified,Not Specified,"About us

EPAM Systems is a leading global provider of digital platform engineering and software development services. Founded in 1993 and headquartered in Newtown, Pennsylvania, EPAM has been helping clients navigate digital transformation for over 30 years, delivering innovative solutions to stay",Full-time,https://bebee.com/sa/jobs/devops-engineer-epam-systems-al-khobar--bs-sa-8aac99b6-8d39-4549-b7e5-834751a663d5,jsearch,1,2026-09-12T11:36:41.383452+00:00,2026-09-12T11:44:25.761937+00:00
Cloud Engineer (Saudi Arabia),Eram Talent,Dammam - via Workable Jobs,,,cybersecurity,Not Specified,"We are looking for a motivated Cloud Engineer to support the design, implementation, management, and operation of secure public cloud environments. The ideal candidate will have foundational knowledge of cloud networking, cloud security, identity management, and cybersecurity, with a strong interest",Full-time,https://apply.workable.com/eramtalent-1/j/308BCC86A6/,jsearch,1,2026-09-12T11:36:41.383452+00:00,2026-09-12T11:44:25.761937+00:00
Sr. Cloud Platform Engineer,Masdr - مصدر,Riyadh - via LinkedIn,,,cybersecurity,Not Specified,"About Masdr

Masdr provides integrated digital data and business solutions to public and private sector organizations, enabling operational efficiency, enhanced customer experience, data-driven decision-making, and compliance with regulatory and cybersecurity requirements through advanced digital te",Full-time,https://sa.linkedin.com/jobs/view/sr-cloud-platform-engineer-at-masdr-%D9%85%D8%B5%D8%AF%D8%B1-4455375413,jsearch,1,2026-09-12T11:36:41.383452+00:00,2026-09-12T11:44:25.761937+00:00
Cloud & DevOps Engineer,UNKNOWN,Riyadh - via JobLeads,,,"aws, azure, devops",4+ years,"Riyadh, Saudi Arabia / Amman, Jordan Full-time 4+ years

Join our Cloud & DevOps practice to help enterprise and public-sector clients in Saudi Arabia design, migrate and operate cloud infrastructure on AWS and Azure. You'll lead engagements from readiness assessment through wave-based migration to",Full-time,https://www.jobleads.com/sa/job/cloud-devops-engineer--riyadh--e38512f594f3ca8292c2e7c3fdf851285,jsearch,1,2026-09-12T11:36:41.383452+00:00,2026-09-12T11:44:25.761937+00:00
Cloud Infrastructure Automation Engineer,DeepSource Technologies,Riyadh - via GulfTalent,,,"kubernetes, terraform, ansible",Not Specified,"Description

Design, deploy, and manage VMware environments including vSphere, NSX-T, vSAN, and ESXi for enterprise clients.

Build and maintain infrastructure automation pipelines using Terraform and Ansible across public, private, and hybrid cloud environments.

Deploy and optimize Kubernetes clus",Full-time,https://www.gulftalent.com/saudi-arabia/jobs/cloud-infrastructure-automation-engineer-597485,jsearch,1,2026-09-12T11:36:41.383452+00:00,2026-09-12T11:44:25.761937+00:00
Cloud Infrastructure Senior Officer,جيبي,Riyadh - via LinkedIn,,,devops,Not Specified,"We’re Hiring | Cloud Infrastructure Senior Officer

We are looking for a Cloud Infrastructure Senior Officer to manage and support our cloud infrastructure environment, with a focus on OCI, system administration, DevOps automation, security, and compliance.

Key Responsibilities:
• Manage and suppor",Full-time,https://sa.linkedin.com/jobs/view/cloud-infrastructure-senior-officer-at-j-b-%D8%AC%D9%8A%D8%A8%D9%8A-4454256468,jsearch,1,2026-09-12T11:36:41.383452+00:00,2026-09-12T11:44:25.761937+00:00
"Cloud Machine Learning Engineer - Riyadh, KSA","Qualcomm Technologies, Inc",Riyadh - via Bayt.com,,,Not Specified,Not Specified,"Company:Qualcomm Middle East Information Technology Company LLC
Job Area:Engineering Group, Engineering Group > Software Engineering
General Summary:

About Us

Qualcomm is growing its presence in Riyadh and is hiring Data Centre Engineers to support our expanding infrastructure across the region.",Full-time,https://www.bayt.com/ar/saudi-arabia/jobs/cloud-machine-learning-engineer-riyadh-ksa-74859868/,jsearch,1,2026-09-12T11:36:41.383452+00:00,2026-09-12T11:44:25.761937+00:00
Cloud Systems Engineer,Jeddah Smart Systems,Jeddah - via BeBee,,,Not Specified,Not Specified,"Company Name : Jeddah Smart Systems

Location: Jeddah, Saudi Arabia

Address: Hira St, Al Naeem, Jeddah 23526

Position: Cloud Systems Engineer

Salary: SAR 21,800 / month
About the Role

Jeddah Smart Systems is seeking an experienced Cloud Systems Engineer to design, deploy, and manage secure, scal",Full-time,https://bebee.com/sa/jobs/cloud-systems-engineer-jeddah-smart-systems-jeddah--t7xk-766309056,jsearch,1,2026-09-12T11:36:41.383452+00:00,2026-09-12T11:44:25.761937+00:00
Cloud Engineer — Multi-Cloud Automation & Security,Atriasolutions,Riyadh - via Jobs In Saudi Arabia - Jooble,,,Not Specified,Not Specified,"Atriasolutions is seeking a skilled Cloud Engineer for our team in Riyadh, Saudi Arabia. The successful candidate will implement, secure, and maintain cloud infrastructure on a multi-cloud environment.

Responsibilities include building scalable cloud solutions, migrating applications, optimizing re",Full-time,https://sa.jooble.org/jdp/-2741088928951820863,jsearch,1,2026-09-12T11:36:41.383452+00:00,2026-09-12T11:44:25.761937+00:00
"Azure Cloud Engineer: Secure, Cost‑Efficient Cloud Ops",Müller`s Solutions,Saudi Arabia - via BeBee,,,azure,3+ years,"A leading cloud solutions provider in Saudi Arabia is seeking an experienced Azure Cloud Engineer to manage Azure infrastructure. You'll collaborate with various teams to design, deploy, and optimize cloud solutions ensuring scalability and security. Candidates should have 3+ years of experience in",Full-time,https://bebee.com/sa/jobs/azure-cloud-engineer-secure-costefficient-cloud-ops-mullers-solutions--bs-sa-a3a3b9e9-af70-410c-b72e-8c707ee78139,jsearch,1,2026-09-12T11:36:41.383452+00:00,2026-09-12T11:44:25.761937+00:00
DevOps & Cloud Engineer Jobs in Saudi Arabia | Full-Time,Defined Solutions,Riyadh - via Jobrapido.com,,,devops,Not Specified,"Location
Saudi Arabia
Job Category
Information Technology (IT) & Software
Engineering & Technical
Job Overview
Defined Solutions is seeking a talented
DevOps & Cloud Engineer
to join its
DevOps & Cloud Engineering
team in
Saudi Arabia . This full-time opportunity is ideal for professionals with 1–3",Full-time,https://sa.jobrapido.com/jobpreview/5493253943846764544,jsearch,1,2026-09-12T11:36:41.383452+00:00,2026-09-12T11:44:25.761937+00:00
Senior Network Engineer,Penta Consulting,Jeddah - via LinkedIn,,,Not Specified,Not Specified,"Penta Consulting are a technology service provider and leading outsourced partner helping to deliver professional and managed solutions across EMEA.

Are you passionate about designing, deploying, and supporting complex Cisco networking environments? We're looking for experienced Cisco Network Engin",Full-time,https://sa.linkedin.com/jobs/view/senior-network-engineer-at-penta-consulting-4456720317,jsearch,1,2026-09-12T11:36:41.383452+00:00,2026-09-12T11:44:25.761937+00:00
Network and Infrastructure Engineer,Ninja,Jeddah - via GulfTalent,,,Not Specified,Not Specified,"Job Description

We are looking for a skilled network and infrastructure engineer to manage and maintain the organization's network infrastructure across HQ and dark store locations. The role is responsible for ensuring reliable LAN/WAN connectivity, secure VPN communications, CCTV surveillance syst",Full-time,https://www.gulftalent.com/saudi-arabia/jobs/network-and-infrastructure-engineer-611353,jsearch,1,2026-09-12T11:36:41.383452+00:00,2026-09-12T11:44:25.761937+00:00
Freelance Network Engineer,Purple Rock IT Solutions,Jeddah - via GulfTalent,,,Not Specified,Not Specified,"Important — please read before applying

• You must currently be based in the KSA on a valid residence or employment visa. Candidates based outside the KSA will not be considered.

• Monthly salary for this role is SAR 8,000–12,000. If your expectations are significantly above this range, please con",Full-time,https://www.gulftalent.com/saudi-arabia/jobs/freelance-network-engineer-617447,jsearch,1,2026-09-12T11:36:41.383452+00:00,2026-09-12T11:44:25.761937+00:00
Network Engineer (IP),077 Saudi Arabian Parsons Limited,منطقة Riyadh - via BeBee,,,Not Specified,Not Specified,"In a world of possibilities, pursue one with endless opportunities. Imagine Next!

At Parsons, you can imagine a career where you thrive, work with exceptional people, and be yourself. Guided by our leadership vision of valuing people, embracing agility, and fostering growth, we cultivate an innovat",Full-time,https://bebee.com/sa/jobs/network-engineer-ip-077-saudi-arabian-parsons-limited-sa-riyadh-qiddiya--t7xk-766286903,jsearch,1,2026-09-12T11:36:41.383452+00:00,2026-09-12T11:44:25.761937+00:00
Network Engineer (CCNA / CCNP),Confidential,منطقة القصيم - via Wuzzuf,,,Not Specified,Not Specified,"Job Description

We are seeking a skilled Network Engineer to design, implement, maintain, and troubleshoot enterprise network infrastructure. The ideal candidate should have strong experience in Cisco networking technologies, routing and switching, network security, and WAN/LAN environments. The ro",Full-time,https://wuzzuf.net/ar/saudi/jobs/p/7dpu3dsc674s-network-engineer-ccna-ccnp-qassim-saudi-arabia,jsearch,1,2026-09-12T11:36:41.383452+00:00,2026-09-12T11:44:25.761937+00:00
IT & Network Security Engineer,Dautom,Riyadh - via LinkedIn,,,enterprise security,10 years of experience,"Job Title: IT & Network Security Engineer

Experience: 7–10 Years

Location: Riyadh, Saudi Arabia

Job Summary: We are seeking an experienced IT & Network Security Engineer with 7–10 years of experience in network infrastructure and enterprise security. The ideal candidate should have strong knowled",Full-time,https://sa.linkedin.com/jobs/view/it-network-security-engineer-at-dautom-4455606554,jsearch,1,2026-09-12T11:36:41.383452+00:00,2026-09-12T11:44:25.761937+00:00
Network Engineer (Saudi Arabia),Eram Talent,Medina المنورة - via Workable Jobs,,,Not Specified,Not Specified,"Eram Talent is seeking a skilled Network Engineer to join our growing team in Saudi Arabia. In this role, you will be responsible for designing, implementing, and managing network solutions that support various business operations and optimize performance. Your expertise will help ensure effective n",Full-time,https://jobs.workable.com/view/hVtMf5pUvyTRcxkfhP2epm/network-engineer-(saudi-arabia)-in-madinah-at-eram-talent,jsearch,1,2026-09-12T11:36:41.383452+00:00,2026-09-12T11:44:25.761937+00:00
Senior Network Engineer,ريناد المجد,Riyadh - via إنديد,,,Not Specified,Not Specified,"Job Title: Senior Network Engineer
Location: Riyadh, Saudi Arabia
Employment Type: Freelancer / On-Demand

We are looking for an experienced Senior Network Engineer to join our team on a freelance, on-demand basis in Riyadh.

The successful candidate will be responsible for designing, implementing,",Full-time,https://sa.indeed.com/viewjob?jk=fc449e6a19ab1664,jsearch,1,2026-09-12T11:36:41.383452+00:00,2026-09-12T11:44:25.761937+00:00
Network Security Engineer,Accenture,Jeddah - via Accenture,,,Not Specified,Not Specified,"Accenture is hiring a passionate and skilled Network Security Engineering to join our team. In this role, you will be responsible for the day-to-day operation and support of network security services, ensuring the secure and reliable functioning of our network infrastructure and threat management so",Full-time,https://www.accenture.com/sa-en/careers/jobdetails?id=13944448_en,jsearch,1,2026-09-12T11:36:41.383452+00:00,2026-09-12T11:44:25.761937+00:00
Network Engineer,BRDigitech WLL,Dammam - via BeBee,,,Not Specified,Not Specified,"Location: Kingdom of Saudi Arabia

Employment Type: Full-Time

Job Summary:

We are seeking a skilled and motivated Network Engineer to join our team for a large-scale enterprise infrastructure project. The ideal candidate will have strong experience in designing, implementing, maintaining, and trou",Full-time,https://bebee.com/sa/jobs/network-engineer-brdigitech-wll-dammam--t7xk-766983812,jsearch,1,2026-09-12T11:36:41.383452+00:00,2026-09-12T11:44:25.761937+00:00
Network Specialist,SITE سايت,Riyadh - via LinkedIn,,,Not Specified,Not Specified,"Overview:

The Network Specialist is responsible for supporting, maintaining, and monitoring the organization’s network infrastructure to ensure secure, reliable, and continuous connectivity. The role focuses on network configuration, troubleshooting, performance monitoring, and resolving network-re",Full-time,https://sa.linkedin.com/jobs/view/network-specialist-at-site-%D8%B3%D8%A7%D9%8A%D8%AA-4455274780,jsearch,1,2026-09-12T11:36:41.383452+00:00,2026-09-12T11:44:25.761937+00:00
Network Operations Senior Advisor (Network Operations),Norconsult Telematics,Riyadh - via LinkedIn,,,Not Specified,Not Specified,"Job Posting Location: Riyadh, Saudi Arabia

Position Objective:

The Senior Advisor serves as the principal strategic and technical sounding board to the VP of Network Operations. Orchestrating operational excellence across all network domains and drive the transition from a complex legacy infrastru",Full-time,https://sa.linkedin.com/jobs/view/network-operations-senior-advisor-network-operations-at-norconsult-telematics-4455264535,jsearch,1,2026-09-12T11:36:41.383452+00:00,2026-09-12T11:44:25.761937+00:00
"Network & Collaboration, Specialist",Master-Works,Saudi Arabia - via Bayt.com,,,Not Specified,Not Specified,"Our subsidiary (SOOR) is seeking a Network & Collaboration, Specialist who will be responsible for supporting network infrastructure, communication systems, and collaboration platforms to ensure reliable connectivity and communication services.
Key Responsibilities Design, implement, and maintain en",Full-time,https://www.bayt.com/ar/saudi-arabia/jobs/network-collaboration-specialist-74872725/,jsearch,1,2026-09-12T11:36:41.383452+00:00,2026-09-12T11:44:25.761937+00:00
System & Network Administrator,H. M. Al Rugaib & Sons Trading Co. - شركة حمد محمد الرقيب و أولاده التجارية,Khobar - via LinkedIn,,,"azure, firewall",Not Specified,"Key Responsibilities

• Managed and maintained enterprise network infrastructure, including LAN, WAN, SD-WAN, MPLS, VLANs, and firewall environments across multiple locations.
• Administered Microsoft Azure cloud services, including Virtual Machines, Microsoft Entra ID, Conditional Access policies,",Full-time,https://sa.linkedin.com/jobs/view/system-network-administrator-at-h-m-al-rugaib-sons-trading-co-%D8%B4%D8%B1%D9%83%D8%A9-%D8%AD%D9%85%D8%AF-%D9%85%D8%AD%D9%85%D8%AF-%D8%A7%D9%84%D8%B1%D9%82%D9%8A%D8%A8-%D9%88-%D8%A3%D9%88%D9%84%D8%A7%D8%AF%D9%87-%D8%A7%D9%84%D8%AA%D8%AC%D8%A7%D8%B1%D9%8A%D8%A9-4437049676,jsearch,1,2026-09-12T11:36:41.383452+00:00,2026-09-12T11:44:25.761937+00:00
"Team Lead, Network & Voice",NTT DATA,Riyadh - via NTT DATA Careers,,,Not Specified,Not Specified,"Continue to make an impact with a company that is pushing the boundaries of what is possible. At NTT DATA, we are renowned for our technical excellence, leading innovations, and making a difference for our clients and society. Our workplace embraces diversity and inclusion – it’s a place where you c",Full-time,https://careers.services.global.ntt/global/en/job/R-145202/Team-Lead-Network-Voice,jsearch,1,2026-09-12T11:36:41.383452+00:00,2026-09-12T11:44:25.761937+00:00
Network Monitoring Analyst (ACI/F5 L1)-(Saudi National Only),Müller`s Solutions,Riyadh - via إنديد,,,Not Specified,Not Specified,"Join our team at Müller's Solutions as a Network Monitoring Analyst (ACI/F5 L1) dedicated to supporting our network infrastructure in Saudi Arabia. This position is exclusively for Saudi Nationals and focuses on Providing foundational (L1) support for the SEC Data Center and Cloud Networks, with a s",Full-time,https://sa.indeed.com/viewjob?jk=dedb020f855c2300,jsearch,1,2026-09-12T11:36:41.383452+00:00,2026-09-12T11:44:25.761937+00:00
Database Administrator,adesso gcc,Saudi Arabia - via Foundit,,,Not Specified,Not Specified,"We are looking for Database Administrator to join our fast paced and self-accountable team that delivers enterprise level products for local and global markets.

The Database Administrator is responsible for managing, optimizing, and securing database systems. The role requires strong experience in",Full-time,https://www.founditgulf.com/job/database-administrator-adesso-gcc-saudi-arabia-62847218,jsearch,1,2026-09-12T11:36:41.383452+00:00,2026-09-12T11:44:25.761937+00:00
Database Administrator,Al Rushaid Group,Jubail - via BeBee,,,Not Specified,Not Specified,Role MariaDB Residential DBA Location Jubail Saudi Arabia Onsite Client Major Petrochemical Company Can disclose after NDA Duration 1 year renewable up to 5 years Must Have Valid MariaDB Certification MariaDB Certified DBA or equivalent Experience with MariaDB Enterprise Server 10 6 MaxScale configu,Full-time,https://bebee.com/sa/jobs/database-administrator-al-rushaid-group-jubail-saudi-arabia--hireejob-548143,jsearch,1,2026-09-12T11:36:41.383452+00:00,2026-09-12T11:44:25.761937+00:00
Oracle Apps DBA,PrimeGate for Communications and IT,Riyadh - via LinkedIn,,,oracle,Not Specified,"Job Summary

Responsible for providing the technical and operational resources required to manage, maintain, and enhance enterprise resource systems based on

Oracle E-Business Suite.This role is specifically focused on Oracle Apps DBA responsibilities, managing both the Application Tier and Databas",Full-time,https://sa.linkedin.com/jobs/view/oracle-apps-dba-at-primegate-for-communications-and-it-4393456724,jsearch,1,2026-09-12T11:36:41.383452+00:00,2026-09-12T11:44:25.761937+00:00
Database Administrator,The Coca-Cola Bottling Company of Saudi Arabia,Jeddah - via BeBee,,,Not Specified,Not Specified,"Role Purpose:

To manage, secure, and optimize the organization’s database environments while providing reliable regional IT support across multiple sites, ensuring high availability, performance, data integrity, and secure access to business-critical systems and applications in alignment with busin",Full-time,https://bebee.com/sa/jobs/database-administrator-the-coca-cola-bottling-company-of-saudi-arabia-jeddah-makkah--t7xk-797291705,jsearch,1,2026-09-12T11:36:41.383452+00:00,2026-09-12T11:44:25.761937+00:00
Database Administrator Specialist — Performance & Security,SITE سايت,Riyadh - via JobLeads,,,Not Specified,Not Specified,"SITE سايت is seeking a Database Specialist to administer, maintain, monitor, and support organizational databases ensuring availability, performance, security, and data integrity. The role emphasizes backup/recovery, optimization, and operational support within a project-based setting.

The candidat",Full-time,https://www.jobleads.com/sa/job/database-administrator-specialist-performance-security--riyadh--e37a3fa644d651cb851c8cfec8b35bd8f,jsearch,1,2026-09-12T11:36:41.383452+00:00,2026-09-12T11:44:25.761937+00:00
Database Manager,Arabic Computer Systems,Riyadh - via Workable Jobs,,,Not Specified,Not Specified,"Arabic Computer Systems, a leading ICT company in Saudi Arabia, is looking for an experienced and highly skilled Database Manager to join our team. As a Database Manager, you will play a crucial role in overseeing the planning, development, implementation, and management of the company's databases.",متعاقد,https://jobs.workable.com/view/224SSex88CH1tNY4PqrkQH/database-manager-in-riyadh-at-arabic-computer-systems,jsearch,1,2026-09-12T11:36:41.383452+00:00,2026-09-12T11:44:25.761937+00:00
Database Administrator (SQL Server),Nozomi,Saudi Arabia - via Foundit,,,"sql, sql server",5 years of experience,"Database Administrator

We are looking for a Database Administrator with strong hands-on experience in Microsoft SQL Server to join our team.

Key Requirements
• Bachelor's degree in Computer Engineering, Information Technology, or a related field
• 3–5 years of experience in Microsoft SQL Server ad",Full-time,https://www.founditgulf.com/job/database-administrator-sql-server-nozomi-saudi-arabia-62559474,jsearch,1,2026-09-12T11:36:41.383452+00:00,2026-09-12T11:44:25.761937+00:00
"Database Expert (Oracle, SQL Server, Exadata)",DXC.technology,Saudi Arabia - via Bayt.com,,,"sql, oracle",Not Specified,"Job Description:

Technology Management

Database Expertise
Possesses in-depth knowledge of multiple database technologies, including:

Oracle Technologies
Expert-level understanding of Oracle database administration, including:
• Performance tuning (e.g., SQL optimization, indexing strategies)
• Se",Full-time,https://www.bayt.com/en/saudi-arabia/jobs/database-expert-oracle-sql-server-exadata-74771135/,jsearch,1,2026-09-12T11:36:41.383452+00:00,2026-09-12T11:44:25.761937+00:00
Database Administrator: High Availability & Performance,PrimeGate Company,Saudi Arabia - via Jobs In Saudi Arabia - Jooble,,,Not Specified,Not Specified,"A leading tech company in Saudi Arabia is looking for a skilled Database Administrator (DBA) to manage, optimize, and secure databases for the Madinaty SuperApp ecosystem. You will ensure high availability and performance of critical data systems. The ideal candidate should have strong experience wi",Full-time,https://sa.jooble.org/jdp/-4079219082469236656,jsearch,1,2026-09-12T11:36:41.383452+00:00,2026-09-12T11:44:25.761937+00:00
Remote Database Administrator - OCI & SQL Server Expert,adesso GCC,Riyadh - via JobLeads,,,"sql, sql server",Not Specified,"adesso GCC is seeking a Database Administrator to join our fast-paced team delivering enterprise-grade products for local and global markets. The role centers on SQL Server administration, backups, performance tuning, and secure OCI cloud databases.

You will monitor, optimize, and scale database en",Full-time,https://www.jobleads.com/sa/job/remote-database-administrator-oci-sql-server-expert--riyadh--edc18aae7db53dbb883a91c1ac00b3c1e,jsearch,1,2026-09-12T11:36:41.383452+00:00,2026-09-12T11:44:25.761937+00:00
Senior QA/QC engineer,Bechtel Corporation,Riyadh - via Bechtel Corporation Jobs,,,Not Specified,Not Specified,"Requisition ID: 297698
• Relocation Authorized: National/International - Single
• Telework Type: Full-Time Office/Project
• Work Location: Riyadh
​​​​​​​
Extraordinary teams building inspiring projects:

Since 1898, we have helped customers complete more than 25,000 projects in 160 countries on all",Full-time,https://jobs.bechtel.com/us/en/job/BCFBCKUS297698EXTERNALENUS/Senior-QA-QC-engineer,jsearch,1,2026-09-12T11:36:41.383452+00:00,2026-09-12T11:44:25.761937+00:00
QA/QC Engineer - Madinah,AtkinsRéalis,Riyadh - via AtkinsRéalis,,,Not Specified,Not Specified,"Overview
This is a Quality Assurance and Quality Control (QA/QC) position responsible for overseeing quality management systems, contract compliance, inspections, testing activities, and adherence to international construction standards across high-rise residential, commercial, mixed-use, hospitalit",Full-time,https://careers.atkinsrealis.com/en/jobs/qa-qc-engineer-madinah-r-161988,jsearch,1,2026-09-12T11:36:41.383452+00:00,2026-09-12T11:44:25.761937+00:00
"Remote QA Engineer: Testing, Automation & Quality",Duru Compliance,Saudi Arabia - via JobLeads,,,Not Specified,Not Specified,"Duru Compliance is seeking a Software Quality Assurance professional to conduct software tests, analyze data for QA, and document findings. You will work with development teams to understand requirements and craft test plans, ensuring high quality standards.

The role involves analyzing test results",Full-time,https://www.jobleads.com/sa/job/remote-qa-engineer-testing-automation-quality--saudi-arabia--e74770eea8616221185e8dd14dc127904,jsearch,1,2026-09-12T11:36:41.383452+00:00,2026-09-12T11:44:25.761937+00:00
Senior QA/QC Manager - High Rise Towers - Saudi National,Cornerstone Global Partners (CGP Group),Mecca - via LinkedIn,,,Not Specified,Not Specified,"Senior QA/QC Manager – High Rise Towers - Saudi National, Makkah, KSA

We're partnering with a leading international PMC on the search for a Senior QA/QC Manager to lead quality assurance and quality control across a confidential high-rise project in Makkah.

You'll own the project's QA/QC managemen",Full-time,https://sa.linkedin.com/jobs/view/senior-qa-qc-manager-high-rise-towers-saudi-national-at-cornerstone-global-partners-cgp-group-4457490124,jsearch,1,2026-09-12T11:36:41.383452+00:00,2026-09-12T11:44:25.761937+00:00
Quality Assurance Engineer,Bechtel Corporation,ظلم - via Bechtel Corporation Jobs,,,Not Specified,Not Specified,"Requisition ID: 294559
• Relocation Authorized: International - Camp
• Telework Type: Full-Time Office/Project
• Work Location: Dhalm
​​​​​​​
Extraordinary teams building inspiring projects:

Since 1898, we have helped customers complete more than 25,000 projects in 160 countries on all seven conti",Full-time,https://jobs.bechtel.com/us/en/job/BCFBCKUS294559EXTERNALENUS/Quality-Assurance-Engineer,jsearch,1,2026-09-12T11:36:41.383452+00:00,2026-09-12T11:44:25.761937+00:00
Senior QA/QC Engineer (Civil),KEO International Consultants,Saudi Arabia - via Naukrigulf,,,Not Specified,Not Specified,"We are seeking an experienced Senior QA/QC Engineer Civil to join the project team for the Qiddiya Training Academy project. The successful candidate will be responsible for overseeing and implementing quality assurance and quality control procedures for civil and structural works, ensuring that con",Full-time,https://www.naukrigulf.com/senior-qa-qc-engineer-jobs-in-saudi-arabia-in-keo-international-consultants-10-to-15-years-n-cd-10050015-jid-250826500286,jsearch,1,2026-09-12T11:36:41.383452+00:00,2026-09-12T11:44:25.761937+00:00
Quality Control & Quality Assurance Engineer,SETE Energy Saudia For Industrial Projects Ltd.,Khobar - via Bayt.com,,,Not Specified,Not Specified,"We are seeking a dedicated Quality Control & Quality Assurance Engineer to join our dynamic team. This role is pivotal in ensuring our products and services meet the highest standards of quality and compliance. As a Quality Control & Quality Assurance Engineer, you will be at the forefront of mainta",Full-time,https://www.bayt.com/en/saudi-arabia/jobs/quality-control-quality-assurance-engineer-5470934/,jsearch,1,2026-09-12T11:36:41.383452+00:00,2026-09-12T11:44:25.761937+00:00
QA Engineer / QA Specialist,ITB Company,Riyadh - via BeBee,,,Not Specified,Not Specified,"Location:
Riyadh, Saudi Arabia

Employment Type:
Full-time

We are looking for a skilled
QA Engineer / QA Specialist
to join our team and ensure the quality and reliability of our digital products.

Key Responsibilities:

• Design, develop, and execute test cases (manual & automated).

• Perform fun",Full-time,https://bebee.com/sa/jobs/qa-engineer-qa-specialist-itb-company-riyadh-riyadh--t7xk-779356406,jsearch,1,2026-09-12T11:36:41.383452+00:00,2026-09-12T11:44:25.761937+00:00
"Engineer, QA/QC Electrical",Alfanar,Dammam - via GulfTalent,,,Not Specified,Not Specified,"Group overview:

Headquartered in Riyadh, Saudi Arabia, we operate construction and manufacturing businesses, design and development centers, and a host of facilities in the Middle East and other countries.

alfanar is involved in:

• Electrical, electromechanical and civil engineering construction",Full-time,https://www.gulftalent.com/saudi-arabia/jobs/engineer-qa-qc-electrical-608091,jsearch,1,2026-09-12T11:36:41.383452+00:00,2026-09-12T11:44:25.761937+00:00
Quality Assurance Quality Control Engineer,AB SPECIALIZED CONTRACTING COMPANY,Saudi Arabia - via Foundit,,,Not Specified,Not Specified,"Department: Quality Assurance & Quality Control (QA/QC)

Disciplines Required: Civil, Architectural, Electrical, and Mechanical Engineering

Location: Central and Eastern Region

Role Purpose:

QA/QC Engineers are responsible for ensuring that construction activities, materials, inspections, testing",Full-time,https://www.founditgulf.com/job/quality-assurance-quality-control-engineer-ab-specialized-contracting-company-saudi-arabia-60462842,jsearch,1,2026-09-12T11:36:41.383452+00:00,2026-09-12T11:44:25.761937+00:00
IT Support NOC Support Services Engineer,DeepSource Technologies,Riyadh - via GulfTalent,,,Not Specified,5+ years,"Job Description

We are looking for an experienced IT Support / NOC Support Services Engineer with 5+ years of experience to provide operational support for enterprise IT infrastructure and Network Operations Center (NOC) environments. The ideal candidate will be responsible for monitoring systems,",Full-time,https://www.gulftalent.com/saudi-arabia/jobs/it-support-noc-support-services-engineer-619225,jsearch,1,2026-09-12T11:36:41.383452+00:00,2026-09-12T11:44:25.761937+00:00
IT Support Engineer,Ninja,Riyadh - via GulfTalent,,,Not Specified,Not Specified,"We are looking for an IT support engineer to join our IT team and support our day-to-day operations.

The ideal candidate will have a basic technical background, good communication skills, and a passion for troubleshooting and solving technical issues.

You will be responsible for supporting inciden",Full-time,https://www.gulftalent.com/saudi-arabia/jobs/it-support-engineer-622327,jsearch,1,2026-09-12T11:36:41.383452+00:00,2026-09-12T11:44:25.761937+00:00
IT Support Analyst,Folk Maritime,Khobar - via LinkedIn,,,Not Specified,Not Specified,"Description

We're looking for an IT Support Analyst to provide technical support, administer Microsoft 365 services, manage IT assets, and help maintain a secure, reliable, and efficient IT environment across our offices. The successful candidate will provide first- and second-line support, assist",Full-time,https://sa.linkedin.com/jobs/view/it-support-analyst-at-folk-maritime-4449449707,jsearch,1,2026-09-12T11:36:41.383452+00:00,2026-09-12T11:44:25.761937+00:00
IT Support Assistant,BAE SYSTEMS,Riyadh - via Bayt.com,,,Not Specified,Not Specified,"Description

(Saudi National Only)

Grade: GG06

Location: Riyadh

Working hours: full time

Advert closing: 27/08/2026

Responsibilities:

▪ Provide onsite IT support to users within the Electronic Warfare Facility

▪ Troubleshoot hardware, software, and network issues across desktops, printers, an",Full-time,https://www.bayt.com/en/saudi-arabia/jobs/it-support-assistant-75025976/,jsearch,1,2026-09-12T11:36:41.383452+00:00,2026-09-12T11:44:25.761937+00:00
IT technical support officers “Saudi National”,Join Solutions,Riyadh - via BeBee,,,Not Specified,Not Specified,"We are looking for an IT technical support officers “Saudi
National” monitor and maintain the computer systems and networks of an organization.
You will be installing and configuring computer systems, diagnosing hardware
and software faults and solving technical and applications problems, either
ove",Full-time,https://bebee.com/sa/jobs/it-technical-support-officers-saudi-national-join-solutions-riyadh--ss-sa-1nbpa6b,jsearch,1,2026-09-12T11:36:41.383452+00:00,2026-09-12T11:44:25.761937+00:00
Information Technology Support Engineer,noon,Riyadh - via LinkedIn,,,Not Specified,Not Specified,"About noon

noon, the region's leading consumer commerce platform. On December 12th, 2017, noon launched its consumer platform in Saudi Arabia and the UAE, expanding to Egypt in February 2019. The noon ecosystem of services now includes marketplaces for food delivery, quick commerce, fintech, and fa",Full-time,https://sa.linkedin.com/jobs/view/information-technology-support-engineer-at-noon-4448825612,jsearch,1,2026-09-12T11:36:41.383452+00:00,2026-09-12T11:44:25.761937+00:00
IT Support (Saudi National),Parsons Corporation,Riyadh - via Parsons Careers - Parsons Corporation,,,Not Specified,Not Specified,"In a world of possibilities, pursue one with endless opportunities. Imagine Next!

At Parsons, you can imagine a career where you thrive, work with exceptional people, and be yourself. Guided by our leadership vision of valuing people, embracing agility, and fostering growth, we cultivate an innovat",Full-time,https://jobs.parsons.com/jobs/it-support-saudi-national-riyadh-r-184958-jobs--information-technology--,jsearch,1,2026-09-12T11:36:41.383452+00:00,2026-09-12T11:44:25.761937+00:00
Deskside IT Support Engineer - 12 Month Contract,Avensys Consulting,Riyadh - via JobLeads,,,Not Specified,Not Specified,"Avensys Consulting in Riyadh (Saudi Arabia) seeks an IT Deskside Support Engineer for a 12-month contract. The role delivers on-site, hands-on support for desktops, laptops, printers, and peripherals, troubleshooting hardware and software issues and deploying OS images and applications.

The candida",Full-time,https://www.jobleads.com/sa/job/deskside-it-support-engineer-12-month-contract--riyadh--e5286fafcb97c64ce88b3af39021cb45b,jsearch,1,2026-09-12T11:36:41.383452+00:00,2026-09-12T11:44:25.761937+00:00
IT Support Assistant,Eram Talent,Dhahran - via GulfTalent,,,Not Specified,Not Specified,"Job description

Eram Talent is seeking a creative and technically skilled IT Support Assistant – graphic design background to provide IT support services while delivering high-quality graphic design solutions for digital and print media. Reporting to the IT Supervisor/Operations Manager, the role s",Full-time,https://www.gulftalent.com/saudi-arabia/jobs/it-support-assistant-617157,jsearch,1,2026-09-12T11:36:41.383452+00:00,2026-09-12T11:44:25.761937+00:00
IT Support Specialist,Alfapacs IT,تبوك - via BeBee,,,Not Specified,Not Specified,"Job Title: IT Support Specialist

Company: Alfapacs IT

Location: Tabuk, Saudi Arabia
Department: Information Technology

Job Summary

Alfapacs IT is seeking a skilled and customer-focused IT Support Specialist to provide technical assistance, troubleshoot IT issues, and ensure the smooth operation",Full-time,https://bebee.com/sa/jobs/it-support-specialist-alfapacs-it-tabuk--t7xk-768021928,jsearch,1,2026-09-12T11:36:41.383452+00:00,2026-09-12T11:44:25.761937+00:00
Mobile Application UI/UX Designer (Flutter),Confidential Jobs,Khobar - via LinkedIn,,,react,Not Specified,"We are looking for a talented Mobile Application UI/UX Designer (Flutter) to design and develop modern, user-friendly mobile applications for iOS and Android.

Requirements:
• Experience in UI/UX design with a strong portfolio.
• Strong knowledge of Flutter, Dart, and React.js.
• Experience integrat",Full-time,https://sa.linkedin.com/jobs/view/mobile-application-ui-ux-designer-flutter-at-confidential-jobs-4448027489,jsearch,1,2026-09-12T11:36:41.383452+00:00,2026-09-12T11:44:25.761937+00:00
UI/UX Designer Associate,confidential,Riyadh - via IxDF,,,Not Specified,Not Specified,"Job Description

📍 Location: Riyadh, Saudi Arabia (On-site)

🕒 Type: Full-time

At [REDACTED], we're building technology that simplifies workforce housing at scale. Great design is at the heart of that mission, helping us create products that are intuitive, efficient, and enjoyable to use.

As a UI/",Full-time,https://ixdf.org/jobs/ui-ux-designer-associate-riyadh,jsearch,1,2026-09-12T11:36:41.383452+00:00,2026-09-12T11:44:25.761937+00:00
Senior UI/UX Designer: AI Product Design & Design System,Mirai,Riyadh - via JobLeads,,,Not Specified,Not Specified,"Mirai is seeking a Senior UI/UX Designer to lead the design function for our Generative AI team. You will own the design system, tokens, components, and patterns, handing them off to engineering to build directly from design artifacts.

The role emphasizes designing for AI-enabled products across we",Full-time,https://www.jobleads.com/sa/job/senior-ui-ux-designer-ai-product-design-design-system--riyadh--ec1d453bbffc2b26705092b0e936769aa,jsearch,1,2026-09-12T11:36:41.383452+00:00,2026-09-12T11:44:25.761937+00:00
User Experience and User Interface Expert,Müller`s Solutions,Riyadh - via GulfTalent,,,Not Specified,Not Specified,"Description

Muller Solutions is seeking a highly skilled UX/UI expert to design and enhance user experiences across digital platforms. The successful candidate will play a key role in creating intuitive, accessible, and user-centric digital experiences.

Key responsibilities:

• Design and optimize",Full-time,https://www.gulftalent.com/saudi-arabia/jobs/user-experience-and-user-interface-expert-601425,jsearch,1,2026-09-12T11:36:41.383452+00:00,2026-09-12T11:44:25.761937+00:00
"UX/UI Designer: Figma, Research, Prototyping",Ideassion Technology Solutions,Saudi Arabia - via JobLeads,,,Not Specified,Not Specified,"Ideassion Technology Solutions is seeking a UI/UX Designer with strong skills in Figma, user research, wireframes, prototypes, design systems, usability testing, and responsive web/mobile design. Collaboration with developers and product teams is preferred to deliver polished user experiences.

The",Full-time,https://www.jobleads.com/sa/job/ux-ui-designer-figma-research-prototyping--saudi-arabia--e964c5561c28f7e8905f70907cfd5ee63,jsearch,1,2026-09-12T11:36:41.383452+00:00,2026-09-12T11:44:25.761937+00:00
Remote UI/UX Designer (Junior) - Hybrid & Growth,Whetstonez Software company,Jeddah - via Jobs In Saudi Arabia - Jooble,,,Not Specified,Not Specified,"Whetstonez Software company in Saudi Arabia is looking for a Junior UX/UI Designer to join their professional team. The role includes creating user interface designs, conducting user research, and following best practices in UI/UX design.

Candidates should have at least 6 months of experience, prof",Full-time,https://sa.jooble.org/jdp/-6303879383873482478,jsearch,1,2026-09-12T11:36:41.383452+00:00,2026-09-12T11:44:25.761937+00:00
UI/UX Designer,ooo,القريات - via Talentera,,,Not Specified,Not Specified,test,Full-time,https://logotestksa.talentera.com/en/saudi-arabia/jobs/ui-ux-designer-1100066116/,jsearch,1,2026-09-12T11:36:41.383452+00:00,2026-09-12T11:44:25.761937+00:00
Ui/Ux Developer,Eram Talent,Dammam - via GulfTalent,,,Not Specified,Not Specified,"Description

The UI/UX developer is responsible for designing and developing user interfaces and improving user experience for digital applications, ensuring usability and consistency across platforms.

Requirements

Education

• Bachelor’s degree in one of the following IT-related fields:

• Inform",Full-time,https://www.gulftalent.com/saudi-arabia/jobs/ui-ux-developer-601808,jsearch,1,2026-09-12T11:36:41.383452+00:00,2026-09-12T11:44:25.761937+00:00
Senior UI/UX Designer,tamm,Saudi Arabia - via BeBee,,,Not Specified,Not Specified,"About Tamm Tamm is the all-in-one platform for selling online in Saudi Arabia.

Sellers get everything they need in one place: a storefront, payments, ZATCA-compliant e-invoicing, and delivery. And because we run our own print-on-demand factory in Dammam, anyone can launch a brand from scratch with",Full-time,https://bebee.com/sa/jobs/senior-ui-designer-tamm--fj-2318807635,jsearch,1,2026-09-12T11:36:41.383452+00:00,2026-09-12T11:44:25.761937+00:00
Business Intelligence Developer,Master-Works,Riyadh - via GulfTalent,,,etl,Not Specified,"Job Description

Master Works is seeking a Business Intelligence Developer to design, develop, and maintain Business Intelligence solutions, including dashboards, reports, data models, and ETL processes. You will collaborate with business and technical teams to translate requirements into effective",Full-time,https://www.gulftalent.com/saudi-arabia/jobs/business-intelligence-developer-621244,jsearch,1,2026-09-12T11:36:41.383452+00:00,2026-09-12T11:44:25.761937+00:00
Senior Manager Business Intelligence,Basamh Group,Jeddah - via LinkedIn,,,Not Specified,75 years of experience,"About company

At Basamh Group, our mission is to grow people and companies, empowering individuals and fostering collaborative relationships to achieve sustainable success. With over 75 years of experience, we have built a diverse portfolio of companies that drive innovation and deliver consumer-fo",Full-time,https://sa.linkedin.com/jobs/view/senior-manager-business-intelligence-at-basamh-group-4454272607,jsearch,1,2026-09-12T11:36:41.383452+00:00,2026-09-12T11:44:25.761937+00:00
Business Intelligence & Data Specialist,SBM,Saudi Arabia - via Jobrapido.com,,,sql,minimum 5 years,"Location:

Dammam/DharanEducation: Bachelor of Science (BS) degree in a Computing / IT Field.

Experience: 4 to 6 Years

Monthly Salary Package: SAR 12,000

Qualifications & Experiences:
• Minimum 5 years hands on experience with IT systems analysis, programming, testing and implementation

• SQL pr",Full-time,https://sa.jobrapido.com/jobpreview/1692834926342176768,jsearch,1,2026-09-12T11:36:41.383452+00:00,2026-09-12T11:44:25.761937+00:00
Senior Specialist – Business Intelligence,Mawahebna,Riyadh - via Mawahebna,,,Not Specified,Not Specified,"Job Summary

Transform multi-source operational and guest-experience data into actionable insights that drive performance and strategic decision-making across the Contact Center. Develop advanced dashboards, monitor KPIs, and provide analytics to leadership and operational teams.
Responsibilities
•",Full-time,https://mawahebna.com/job/senior-specialist-business-intelligence-qiddiya-riyadh/,jsearch,1,2026-09-12T11:36:41.383452+00:00,2026-09-12T11:44:25.761937+00:00
Technical Support Officer (IT Systems and Business Analytics Support) - (Outsourced Contract),Islamic Development Bank,Jeddah - via Jobs At IsDB - Islamic Development Bank,,,Not Specified,Not Specified,"OVERVIEW

Complex:

Operations Complex

Department:

Project Procurement and Financial Management (PPFM)

Division/Section:

Front Office

Country:

Saudi Arabia

Location:

Jeddah HQ

Closing Date:

3-Sep-2026

JOB PURPOSE

Support PPFM’s digital transformation, systems administration, automation,",متعاقد,https://careers.isdb.org/job/Jeddah-Technical-Support-Officer-%28IT-Systems-and-Business-Analytics-Support%29-%28Outsourced-Contract%29/1363118955/,jsearch,1,2026-09-12T11:36:41.383452+00:00,2026-09-12T11:44:25.761937+00:00
Business Intelligence Senior Specialist - Shared Services,Propel Consult,تبوك - via BeBee,,,Not Specified,Not Specified,"Skills:
• Demonstratable experience in managing Procurement market intelligence reporting activities either internally created or externally operated
• Demonstrable experience implementing and managing Supplier facing procurement portals/interfaces and Procurement customer digital interfaces (e.g.",فترة Internship,https://bebee.com/sa/jobs/business-intelligence-senior-specialist-shared-services-propel-consult-tabuk--talent-590974910679297543,jsearch,1,2026-09-12T11:36:41.383452+00:00,2026-09-12T11:44:25.761937+00:00
Business Intelligence Analyst - Financial Crime,Tamara,Saudi Arabia - via Job Search At Monster Thailand,,,Not Specified,Not Specified,"About Us

Tamara is the leading shopping and payments platform in Saudi Arabia and the GCC region, with a mission to empower people in their daily lives and revolutionize how they shop, pay, and bank. The company was founded by serial entrepreneur Abdulmajeed Alsukhan along with his partners Turki B",Full-time,https://www.monster.co.th/job/business-intelligence-analyst-financial-crime-tamara-saudi-arabia-42469181,jsearch,1,2026-09-12T11:36:41.383452+00:00,2026-09-12T11:44:25.761937+00:00
Business Analyst (Data Warehouse And Analytics),DeepSource Technologies,Riyadh - via GulfTalent,,,Not Specified,Not Specified,"We are seeking an experienced Business Analyst

To bridge the gap between business stakeholders and technical teams in the implementation of a telecom data lakehouse/data warehouse. The Business Analyst will gather business requirements, analyze telecom processes and data, define business rules, and",Full-time,https://www.gulftalent.com/saudi-arabia/jobs/business-analyst-data-warehouse-and-analytics-609950,jsearch,1,2026-09-12T11:36:41.383452+00:00,2026-09-12T11:44:25.761937+00:00
Performance Analytics & Insights Senior Specialist,Confidential Careers,Riyadh - via LinkedIn,,,Not Specified,Not Specified,"We are looking for a Performance Analytics & Insights Senior Specialist to turn marketing and business data into actionable insights that support better decision-making and improve overall performance.

Key Responsibilities
• Develop and maintain marketing performance dashboards and reports.
• Analy",Full-time,https://sa.linkedin.com/jobs/view/performance-analytics-insights-senior-specialist-at-confidential-careers-4452242304,jsearch,1,2026-09-12T11:36:41.383452+00:00,2026-09-12T11:44:25.761937+00:00
Senior Manager Business Intelligence,Esports Foundation,Saudi Arabia - via Jobrapido.com,,,Not Specified,Not Specified,"Team: Business Intelligence
Activity: Full-time
Role grade: Senior Manager (7)
Direct reports: 3
Indirect reports: 0
Reporting to: Director PMO & BI
Role location: Riyadh, Saudi Arabia
Job Purpose: As Senior Manager Business Intelligence, you will be responsible for leading the development and execu",Full-time,https://sa.jobrapido.com/jobpreview/180515944295038976,jsearch,1,2026-09-12T11:36:41.383452+00:00,2026-09-12T11:44:25.761937+00:00
"Senior Backend & AI Engineer (Remote, MENA)",Democrance,ينبع - via Jobs In Saudi Arabia - Jooble,,,django,Not Specified,"Democrance, an insurance technology company, seeks a Senior Back-end and AI Software Engineer to strengthen Django-based systems and AI workflows. You will optimize back-end data models, scale processing, and mentor junior developers while collaborating with product and client teams.

The role empha",Full-time,https://sa.jooble.org/jdp/7257482011701031678,jsearch,1,2026-09-12T11:36:41.383452+00:00,2026-09-12T11:44:25.761937+00:00
AI Engineer,Jobskey Consultancy,Mecca المكرمة - via Jobrapido.com,,,Not Specified,minimum 1 year,"Were Hiring: AI Engineer Healthcare Sector
Location: Jeddah Saudi Arabia
Industry: Healthcare
Experience: Minimum 1 year in a healthcare environment

We are seeking a dynamic and innovative AI Engineer to join a leading hospital in Jeddah. The ideal candidate will bring expertise in Artificial Intel",Full-time,https://sa.jobrapido.com/jobpreview/941102494333796352,jsearch,1,2026-09-12T11:36:41.383452+00:00,2026-09-12T11:44:25.761937+00:00
Security Operations Center Analyst,Accenture,Riyadh - via Edarabia,,,linux,1-3 years,"Job Summary


• Possess 1-3 years of experience in the Information Security domain specifically in security operations center and, demonstrable experience and knowledge of operating platforms (windows, Linux)

• Have a strong fundamental understanding of TCP/IP and OSI. They also have an experien",Full-time,https://www.edarabia.com/security-operations-center-analyst-accenture-riyadh-saudi-arabia/,jsearch,1,2026-09-12T11:36:41.383452+00:00,2026-09-12T11:44:25.761937+00:00
QA/QC Manager,AlRashed Group,Saudi Arabia - via Careers At AlRashed Group,,,Not Specified,Not Specified,"Location: In-Kingdom
Department: Quality Assurance & Quality Control (QA/QC) Department
Reports To: Operations Manager / CEO
Job Summary: To Manage all aspects of companies Quality Assurance, Quality Control at a designated Project site and to ensure that Quality Assurance Programs have been effecti",Full-time,https://careers.alrashed.com/en/saudi-arabia/jobs/qa-qc-manager-1100076024/,jsearch,1,2026-09-12T11:36:41.383452+00:00,2026-09-12T11:44:25.761937+00:00
Health Quality Specialist (Saudi Arabia),Eram Talent,Khobar - via Workable Jobs,,,Not Specified,Not Specified,"Eram Talent is seeking a Health Quality Specialist to join our dynamic team in Saudi Arabia. As a leading talent acquisition consultancy, we are committed to connecting skilled professionals with top-tier companies.

The Quality and Governance Specialist ensure the maintenance of high standards of q",Full-time,https://jobs.workable.com/view/aKhTtsotrgDtjHqRvFDieS/health-quality-specialist-(saudi-arabia)-in-al-khobar-at-eram-talent,jsearch,1,2026-09-12T11:36:41.383452+00:00,2026-09-12T11:44:25.761937+00:00
Sales Engineer Job in Saudi Arabia,A company specializing in solar energy<br>,Saudi Arabia - via Arabianrec.com,,,Not Specified,Not Specified,"We are hiring a Sales Engineer One of the companies specialized in the solar energy sector announces the availability of a Sales Engineer job in Saudi Arabia, as part of its expansion in the Saudi market and its commitment to attracting professional talents capable of supporting sales growth and bui",Full-time,https://arabianrec.com/en/job/sales-engineer-job-in-saudi-arabia/,jsearch,1,2026-09-12T11:36:41.383452+00:00,2026-09-12T11:44:25.761937+00:00
Structural Engineer (EM and CS),AtkinsRéalis,Dammam - via JobLeads,,,Not Specified,Not Specified,"Overview

We are seeking a highly skilled and experienced Structural Engineer to join our team, supporting the delivery of high-quality engineering solutions within railway projects. This requires to assess technically civil structures such as bridges and culverts, as well as building structures for",Full-time,https://www.jobleads.com/sa/job/structural-engineer-em-and-cs--dammam--e89f46f28fa1c09d98859a4b0f9f759db,jsearch,1,2026-09-12T11:36:41.383452+00:00,2026-09-12T11:44:25.761937+00:00
Electronics Engineer,Saipem,Saudi Arabia - via Foundit,,,Not Specified,Not Specified,"Company Description

Join Saipem and engineer a sustainable future.

We are a global leader in engineering and construction for the energy and infrastructure sectors, delivering complex onshore and offshore projects worldwide. Driven by technological innovation as One Company, our 30,000 people from",Full-time,https://www.founditgulf.com/job/electronics-engineer-saipem-saudi-arabia-60693506,jsearch,1,2026-09-12T11:36:41.383452+00:00,2026-09-12T11:44:25.761937+00:00
Information Technology Operations Manager,SALT,Saudi Arabia - via Foundit,,,Not Specified,Not Specified,"IT Operations Manager

Location: Riyadh, Saudi Arabia

Arabic-speaking is essential

Contract: 6-12 months

We are supporting a leading professional services organisation in Riyadh to hire an IT Operations Manager with a strong grounding in ITIL-based service management. This role is focused on end-",Full-time,https://www.founditgulf.com/job/information-technology-operations-manager-salt-saudi-arabia-42556797,jsearch,1,2026-09-12T11:36:41.383452+00:00,2026-09-12T11:44:25.761937+00:00
Real-Time Analyst (RTA),Tamara,Riyadh - via Glassdoor,,,Not Specified,Not Specified,"About us

Tamara is the leading fintech platform in Saudi Arabia and the wider GCC region with a mission to help people make their dreams come true by building the most customer-centric financial super-app on earth. The company serves millions of users in the region and partners with leading global",Full-time,"https://www.glassdoor.co.uk/job-listing/real-time-analyst-rta-tamara-JV_IC3110290_KO0,21_KE22,28.htm?jl=1010229544422",jsearch,1,2026-09-12T11:36:41.383452+00:00,2026-09-12T11:44:25.761937+00:00
